/*
 Navicat Premium Data Transfer

 Source Server         : localhost_13306
 Source Server Type    : MySQL
 Source Server Version : 50730
 Source Host           : localhost:13306
 Source Schema         : ApolloConfigDB

 Target Server Type    : MySQL
 Target Server Version : 50730
 File Encoding         : 65001

 Date: 18/05/2020 19:31:16
*/
SET NAMES utf8mb4;
SET FOREIGN_KEY_CHECKS = 0;

# Create Database
# ------------------------------------------------------------
CREATE DATABASE IF NOT EXISTS ApolloConfigDB DEFAULT CHARACTER SET = utf8mb4;

Use ApolloConfigDB;

-- ----------------------------
-- Table structure for AccessKey
-- ----------------------------
DROP TABLE IF EXISTS `AccessKey`;
CREATE TABLE `AccessKey`  (
  `Id` int(10) UNSIGNED NOT NULL AUTO_INCREMENT COMMENT '自增主键',
  `AppId` varchar(500) CHARACTER SET utf8mb4 COLLATE utf8mb4_general_ci NOT NULL DEFAULT 'default' COMMENT 'AppID',
  `Secret` varchar(128) CHARACTER SET utf8mb4 COLLATE utf8mb4_general_ci NOT NULL DEFAULT '' COMMENT 'Secret',
  `IsEnabled` bit(1) NOT NULL DEFAULT b'0' COMMENT '1: enabled, 0: disabled',
  `IsDeleted` bit(1) NOT NULL DEFAULT b'0' COMMENT '1: deleted, 0: normal',
  `DataChange_CreatedBy` varchar(32) CHARACTER SET utf8mb4 COLLATE utf8mb4_general_ci NOT NULL DEFAULT 'default' COMMENT '创建人邮箱前缀',
  `DataChange_CreatedTime` timestamp(0) NOT NULL DEFAULT CURRENT_TIMESTAMP(0) COMMENT '创建时间',
  `DataChange_LastModifiedBy` varchar(32) CHARACTER SET utf8mb4 COLLATE utf8mb4_general_ci NOT NULL DEFAULT '' COMMENT '最后修改人邮箱前缀',
  `DataChange_LastTime` timestamp(0) NOT NULL DEFAULT CURRENT_TIMESTAMP(0) ON UPDATE CURRENT_TIMESTAMP(0) COMMENT '最后修改时间',
  PRIMARY KEY (`Id`) USING BTREE,
  INDEX `AppId`(`AppId`(191)) USING BTREE,
  INDEX `DataChange_LastTime`(`DataChange_LastTime`) USING BTREE
) ENGINE = InnoDB AUTO_INCREMENT = 1 CHARACTER SET = utf8mb4 COLLATE = utf8mb4_general_ci COMMENT = '访问密钥' ROW_FORMAT = Dynamic;

-- ----------------------------
-- Table structure for App
-- ----------------------------
DROP TABLE IF EXISTS `App`;
CREATE TABLE `App`  (
  `Id` int(10) UNSIGNED NOT NULL AUTO_INCREMENT COMMENT '主键',
  `AppId` varchar(500) CHARACTER SET utf8mb4 COLLATE utf8mb4_general_ci NOT NULL DEFAULT 'default' COMMENT 'AppID',
  `Name` varchar(500) CHARACTER SET utf8mb4 COLLATE utf8mb4_general_ci NOT NULL DEFAULT 'default' COMMENT '应用名',
  `OrgId` varchar(32) CHARACTER SET utf8mb4 COLLATE utf8mb4_general_ci NOT NULL DEFAULT 'default' COMMENT '部门Id',
  `OrgName` varchar(64) CHARACTER SET utf8mb4 COLLATE utf8mb4_general_ci NOT NULL DEFAULT 'default' COMMENT '部门名字',
  `OwnerName` varchar(500) CHARACTER SET utf8mb4 COLLATE utf8mb4_general_ci NOT NULL DEFAULT 'default' COMMENT 'ownerName',
  `OwnerEmail` varchar(500) CHARACTER SET utf8mb4 COLLATE utf8mb4_general_ci NOT NULL DEFAULT 'default' COMMENT 'ownerEmail',
  `IsDeleted` bit(1) NOT NULL DEFAULT b'0' COMMENT '1: deleted, 0: normal',
  `DataChange_CreatedBy` varchar(32) CHARACTER SET utf8mb4 COLLATE utf8mb4_general_ci NOT NULL DEFAULT 'default' COMMENT '创建人邮箱前缀',
  `DataChange_CreatedTime` timestamp(0) NOT NULL DEFAULT CURRENT_TIMESTAMP(0) COMMENT '创建时间',
  `DataChange_LastModifiedBy` varchar(32) CHARACTER SET utf8mb4 COLLATE utf8mb4_general_ci NULL DEFAULT '' COMMENT '最后修改人邮箱前缀',
  `DataChange_LastTime` timestamp(0) NULL DEFAULT CURRENT_TIMESTAMP(0) ON UPDATE CURRENT_TIMESTAMP(0) COMMENT '最后修改时间',
  PRIMARY KEY (`Id`) USING BTREE,
  INDEX `AppId`(`AppId`(191)) USING BTREE,
  INDEX `DataChange_LastTime`(`DataChange_LastTime`) USING BTREE,
  INDEX `IX_Name`(`Name`(191)) USING BTREE
) ENGINE = InnoDB AUTO_INCREMENT = 7 CHARACTER SET = utf8mb4 COLLATE = utf8mb4_general_ci COMMENT = '应用表' ROW_FORMAT = Dynamic;

-- ----------------------------
-- Records of App
-- ----------------------------
INSERT INTO `App` VALUES (1, 'SampleApp', 'Sample App', 'TEST1', '样例部门1', 'apollo', 'apollo@acme.com', b'1', 'default', '2020-05-15 10:59:43', 'apollo', '2020-05-15 11:09:29');
INSERT INTO `App` VALUES (2, 'biz-spring-cloud-eureka', 'biz-spring-cloud-eureka', 'Archer', '中间件组', 'waynechu', 'waynechu@waynechu.cn', b'0', 'apollo', '2020-05-15 11:48:50', 'apollo', '2020-05-15 11:48:50');
INSERT INTO `App` VALUES (3, 'biz-spring-cloud-gateway', 'biz-spring-cloud-gateway', 'Archer', '中间件组', 'waynechu', 'waynechu@waynechu.cn', b'0', 'apollo', '2020-05-15 14:18:07', 'apollo', '2020-05-15 14:18:07');
INSERT INTO `App` VALUES (4, 'service-utility', 'service-utility', 'Archer', '中间件组', 'waynechu', 'waynechu@waynechu.cn', b'0', 'apollo', '2020-05-15 14:22:26', 'apollo', '2020-05-15 14:22:26');
INSERT INTO `App` VALUES (5, 'service-order', 'service-order', 'Archer', '中间件组', 'waynechu', 'waynechu@waynechu.cn', b'0', 'apollo', '2020-05-15 14:22:50', 'apollo', '2020-05-15 14:22:50');
INSERT INTO `App` VALUES (6, 'biz-spring-cloud-public', 'biz-spring-cloud-public', 'Archer', '中间件组', 'waynechu', 'waynechu@waynechu.cn', b'0', 'apollo', '2020-05-15 14:25:36', 'apollo', '2020-05-15 14:25:36');

-- ----------------------------
-- Table structure for AppNamespace
-- ----------------------------
DROP TABLE IF EXISTS `AppNamespace`;
CREATE TABLE `AppNamespace`  (
  `Id` int(10) UNSIGNED NOT NULL AUTO_INCREMENT COMMENT '自增主键',
  `Name` varchar(32) CHARACTER SET utf8mb4 COLLATE utf8mb4_general_ci NOT NULL DEFAULT '' COMMENT 'namespace名字，注意，需要全局唯一',
  `AppId` varchar(32) CHARACTER SET utf8mb4 COLLATE utf8mb4_general_ci NOT NULL DEFAULT '' COMMENT 'app id',
  `Format` varchar(32) CHARACTER SET utf8mb4 COLLATE utf8mb4_general_ci NOT NULL DEFAULT 'properties' COMMENT 'namespace的format类型',
  `IsPublic` bit(1) NOT NULL DEFAULT b'0' COMMENT 'namespace是否为公共',
  `Comment` varchar(64) CHARACTER SET utf8mb4 COLLATE utf8mb4_general_ci NOT NULL DEFAULT '' COMMENT '注释',
  `IsDeleted` bit(1) NOT NULL DEFAULT b'0' COMMENT '1: deleted, 0: normal',
  `DataChange_CreatedBy` varchar(32) CHARACTER SET utf8mb4 COLLATE utf8mb4_general_ci NOT NULL DEFAULT '' COMMENT '创建人邮箱前缀',
  `DataChange_CreatedTime` timestamp(0) NOT NULL DEFAULT CURRENT_TIMESTAMP(0) COMMENT '创建时间',
  `DataChange_LastModifiedBy` varchar(32) CHARACTER SET utf8mb4 COLLATE utf8mb4_general_ci NULL DEFAULT '' COMMENT '最后修改人邮箱前缀',
  `DataChange_LastTime` timestamp(0) NULL DEFAULT CURRENT_TIMESTAMP(0) ON UPDATE CURRENT_TIMESTAMP(0) COMMENT '最后修改时间',
  PRIMARY KEY (`Id`) USING BTREE,
  INDEX `IX_AppId`(`AppId`) USING BTREE,
  INDEX `Name_AppId`(`Name`, `AppId`) USING BTREE,
  INDEX `DataChange_LastTime`(`DataChange_LastTime`) USING BTREE
) ENGINE = InnoDB AUTO_INCREMENT = 8 CHARACTER SET = utf8mb4 COLLATE = utf8mb4_general_ci COMMENT = '应用namespace定义' ROW_FORMAT = Dynamic;

-- ----------------------------
-- Records of AppNamespace
-- ----------------------------
INSERT INTO `AppNamespace` VALUES (1, 'application', 'SampleApp', 'properties', b'0', 'default app namespace', b'1', '', '2020-05-15 10:59:43', 'apollo', '2020-05-15 11:09:29');
INSERT INTO `AppNamespace` VALUES (2, 'application', 'biz-spring-cloud-eureka', 'properties', b'0', 'default app namespace', b'0', 'apollo', '2020-05-15 11:48:50', 'apollo', '2020-05-15 11:48:50');
INSERT INTO `AppNamespace` VALUES (3, 'application', 'biz-spring-cloud-gateway', 'properties', b'0', 'default app namespace', b'0', 'apollo', '2020-05-15 14:18:07', 'apollo', '2020-05-15 14:18:07');
INSERT INTO `AppNamespace` VALUES (4, 'application', 'service-utility', 'properties', b'0', 'default app namespace', b'0', 'apollo', '2020-05-15 14:22:26', 'apollo', '2020-05-15 14:22:26');
INSERT INTO `AppNamespace` VALUES (5, 'application', 'service-order', 'properties', b'0', 'default app namespace', b'0', 'apollo', '2020-05-15 14:22:50', 'apollo', '2020-05-15 14:22:50');
INSERT INTO `AppNamespace` VALUES (6, 'application', 'biz-spring-cloud-public', 'properties', b'0', 'default app namespace', b'0', 'apollo', '2020-05-15 14:25:36', 'apollo', '2020-05-15 14:25:36');
INSERT INTO `AppNamespace` VALUES (7, 'Archer.biz-spring-cloud-public', 'biz-spring-cloud-public', 'properties', b'1', '', b'0', 'apollo', '2020-05-15 14:26:03', 'apollo', '2020-05-15 14:26:03');

-- ----------------------------
-- Table structure for Audit
-- ----------------------------
DROP TABLE IF EXISTS `Audit`;
CREATE TABLE `Audit`  (
  `Id` int(10) UNSIGNED NOT NULL AUTO_INCREMENT COMMENT '主键',
  `EntityName` varchar(50) CHARACTER SET utf8mb4 COLLATE utf8mb4_general_ci NOT NULL DEFAULT 'default' COMMENT '表名',
  `EntityId` int(10) UNSIGNED NULL DEFAULT NULL COMMENT '记录ID',
  `OpName` varchar(50) CHARACTER SET utf8mb4 COLLATE utf8mb4_general_ci NOT NULL DEFAULT 'default' COMMENT '操作类型',
  `Comment` varchar(500) CHARACTER SET utf8mb4 COLLATE utf8mb4_general_ci NULL DEFAULT NULL COMMENT '备注',
  `IsDeleted` bit(1) NOT NULL DEFAULT b'0' COMMENT '1: deleted, 0: normal',
  `DataChange_CreatedBy` varchar(32) CHARACTER SET utf8mb4 COLLATE utf8mb4_general_ci NOT NULL DEFAULT 'default' COMMENT '创建人邮箱前缀',
  `DataChange_CreatedTime` timestamp(0) NOT NULL DEFAULT CURRENT_TIMESTAMP(0) COMMENT '创建时间',
  `DataChange_LastModifiedBy` varchar(32) CHARACTER SET utf8mb4 COLLATE utf8mb4_general_ci NULL DEFAULT '' COMMENT '最后修改人邮箱前缀',
  `DataChange_LastTime` timestamp(0) NULL DEFAULT CURRENT_TIMESTAMP(0) ON UPDATE CURRENT_TIMESTAMP(0) COMMENT '最后修改时间',
  PRIMARY KEY (`Id`) USING BTREE,
  INDEX `DataChange_LastTime`(`DataChange_LastTime`) USING BTREE
) ENGINE = InnoDB AUTO_INCREMENT = 299 CHARACTER SET = utf8mb4 COLLATE = utf8mb4_general_ci COMMENT = '日志审计表' ROW_FORMAT = Dynamic;

-- ----------------------------
-- Records of Audit
-- ----------------------------
INSERT INTO `Audit` VALUES (1, 'Namespace', 1, 'DELETE', NULL, b'0', 'apollo', '2020-05-15 11:09:29', NULL, '2020-05-15 11:09:29');
INSERT INTO `Audit` VALUES (2, 'Cluster', 1, 'DELETE', NULL, b'0', 'apollo', '2020-05-15 11:09:29', NULL, '2020-05-15 11:09:29');
INSERT INTO `Audit` VALUES (3, 'App', 1, 'DELETE', NULL, b'0', 'apollo', '2020-05-15 11:09:29', NULL, '2020-05-15 11:09:29');
INSERT INTO `Audit` VALUES (4, 'App', 2, 'INSERT', NULL, b'0', 'apollo', '2020-05-15 11:48:50', NULL, '2020-05-15 11:48:50');
INSERT INTO `Audit` VALUES (5, 'AppNamespace', 2, 'INSERT', NULL, b'0', 'apollo', '2020-05-15 11:48:50', NULL, '2020-05-15 11:48:50');
INSERT INTO `Audit` VALUES (6, 'Cluster', 2, 'INSERT', NULL, b'0', 'apollo', '2020-05-15 11:48:50', NULL, '2020-05-15 11:48:50');
INSERT INTO `Audit` VALUES (7, 'Namespace', 2, 'INSERT', NULL, b'0', 'apollo', '2020-05-15 11:48:50', NULL, '2020-05-15 11:48:50');
INSERT INTO `Audit` VALUES (8, 'Item', 2, 'INSERT', NULL, b'0', 'apollo', '2020-05-15 11:49:27', NULL, '2020-05-15 11:49:27');
INSERT INTO `Audit` VALUES (9, 'Item', 3, 'INSERT', NULL, b'0', 'apollo', '2020-05-15 11:49:27', NULL, '2020-05-15 11:49:27');
INSERT INTO `Audit` VALUES (10, 'Item', 4, 'INSERT', NULL, b'0', 'apollo', '2020-05-15 11:49:27', NULL, '2020-05-15 11:49:27');
INSERT INTO `Audit` VALUES (11, 'Item', 5, 'INSERT', NULL, b'0', 'apollo', '2020-05-15 11:49:27', NULL, '2020-05-15 11:49:27');
INSERT INTO `Audit` VALUES (12, 'Item', 6, 'INSERT', NULL, b'0', 'apollo', '2020-05-15 11:49:27', NULL, '2020-05-15 11:49:27');
INSERT INTO `Audit` VALUES (13, 'Item', 7, 'INSERT', NULL, b'0', 'apollo', '2020-05-15 11:49:27', NULL, '2020-05-15 11:49:27');
INSERT INTO `Audit` VALUES (14, 'Item', 8, 'INSERT', NULL, b'0', 'apollo', '2020-05-15 11:49:27', NULL, '2020-05-15 11:49:27');
INSERT INTO `Audit` VALUES (15, 'Item', 9, 'INSERT', NULL, b'0', 'apollo', '2020-05-15 11:49:27', NULL, '2020-05-15 11:49:27');
INSERT INTO `Audit` VALUES (16, 'Item', 10, 'INSERT', NULL, b'0', 'apollo', '2020-05-15 11:49:27', NULL, '2020-05-15 11:49:27');
INSERT INTO `Audit` VALUES (17, 'Item', 11, 'INSERT', NULL, b'0', 'apollo', '2020-05-15 11:49:27', NULL, '2020-05-15 11:49:27');
INSERT INTO `Audit` VALUES (18, 'Item', 12, 'INSERT', NULL, b'0', 'apollo', '2020-05-15 11:49:27', NULL, '2020-05-15 11:49:27');
INSERT INTO `Audit` VALUES (19, 'Item', 13, 'INSERT', NULL, b'0', 'apollo', '2020-05-15 11:49:27', NULL, '2020-05-15 11:49:27');
INSERT INTO `Audit` VALUES (20, 'Item', 14, 'INSERT', NULL, b'0', 'apollo', '2020-05-15 11:49:27', NULL, '2020-05-15 11:49:27');
INSERT INTO `Audit` VALUES (21, 'Item', 15, 'INSERT', NULL, b'0', 'apollo', '2020-05-15 11:49:27', NULL, '2020-05-15 11:49:27');
INSERT INTO `Audit` VALUES (22, 'Item', 16, 'INSERT', NULL, b'0', 'apollo', '2020-05-15 11:49:27', NULL, '2020-05-15 11:49:27');
INSERT INTO `Audit` VALUES (23, 'Item', 17, 'INSERT', NULL, b'0', 'apollo', '2020-05-15 11:49:27', NULL, '2020-05-15 11:49:27');
INSERT INTO `Audit` VALUES (24, 'Item', 18, 'INSERT', NULL, b'0', 'apollo', '2020-05-15 11:49:27', NULL, '2020-05-15 11:49:27');
INSERT INTO `Audit` VALUES (25, 'Item', 19, 'INSERT', NULL, b'0', 'apollo', '2020-05-15 11:49:27', NULL, '2020-05-15 11:49:27');
INSERT INTO `Audit` VALUES (26, 'Item', 20, 'INSERT', NULL, b'0', 'apollo', '2020-05-15 11:49:27', NULL, '2020-05-15 11:49:27');
INSERT INTO `Audit` VALUES (27, 'Item', 21, 'INSERT', NULL, b'0', 'apollo', '2020-05-15 11:49:27', NULL, '2020-05-15 11:49:27');
INSERT INTO `Audit` VALUES (28, 'Item', 22, 'INSERT', NULL, b'0', 'apollo', '2020-05-15 11:49:27', NULL, '2020-05-15 11:49:27');
INSERT INTO `Audit` VALUES (29, 'Item', 23, 'INSERT', NULL, b'0', 'apollo', '2020-05-15 11:49:27', NULL, '2020-05-15 11:49:27');
INSERT INTO `Audit` VALUES (30, 'Item', 24, 'INSERT', NULL, b'0', 'apollo', '2020-05-15 11:49:27', NULL, '2020-05-15 11:49:27');
INSERT INTO `Audit` VALUES (31, 'Item', 25, 'INSERT', NULL, b'0', 'apollo', '2020-05-15 11:49:27', NULL, '2020-05-15 11:49:27');
INSERT INTO `Audit` VALUES (32, 'Item', 26, 'INSERT', NULL, b'0', 'apollo', '2020-05-15 11:49:27', NULL, '2020-05-15 11:49:27');
INSERT INTO `Audit` VALUES (33, 'Item', 27, 'INSERT', NULL, b'0', 'apollo', '2020-05-15 11:49:27', NULL, '2020-05-15 11:49:27');
INSERT INTO `Audit` VALUES (34, 'Item', 28, 'INSERT', NULL, b'0', 'apollo', '2020-05-15 11:49:27', NULL, '2020-05-15 11:49:27');
INSERT INTO `Audit` VALUES (35, 'Item', 29, 'INSERT', NULL, b'0', 'apollo', '2020-05-15 11:49:27', NULL, '2020-05-15 11:49:27');
INSERT INTO `Audit` VALUES (36, 'Item', 30, 'INSERT', NULL, b'0', 'apollo', '2020-05-15 11:49:27', NULL, '2020-05-15 11:49:27');
INSERT INTO `Audit` VALUES (37, 'Item', 31, 'INSERT', NULL, b'0', 'apollo', '2020-05-15 11:49:27', NULL, '2020-05-15 11:49:27');
INSERT INTO `Audit` VALUES (38, 'Item', 32, 'INSERT', NULL, b'0', 'apollo', '2020-05-15 11:49:27', NULL, '2020-05-15 11:49:27');
INSERT INTO `Audit` VALUES (39, 'Item', 33, 'INSERT', NULL, b'0', 'apollo', '2020-05-15 11:49:27', NULL, '2020-05-15 11:49:27');
INSERT INTO `Audit` VALUES (40, 'Item', 34, 'INSERT', NULL, b'0', 'apollo', '2020-05-15 11:49:27', NULL, '2020-05-15 11:49:27');
INSERT INTO `Audit` VALUES (41, 'Item', 35, 'INSERT', NULL, b'0', 'apollo', '2020-05-15 11:49:27', NULL, '2020-05-15 11:49:27');
INSERT INTO `Audit` VALUES (42, 'Item', 36, 'INSERT', NULL, b'0', 'apollo', '2020-05-15 11:49:27', NULL, '2020-05-15 11:49:27');
INSERT INTO `Audit` VALUES (43, 'Item', 37, 'INSERT', NULL, b'0', 'apollo', '2020-05-15 11:49:27', NULL, '2020-05-15 11:49:27');
INSERT INTO `Audit` VALUES (44, 'Item', 38, 'INSERT', NULL, b'0', 'apollo', '2020-05-15 11:49:27', NULL, '2020-05-15 11:49:27');
INSERT INTO `Audit` VALUES (45, 'Item', 39, 'INSERT', NULL, b'0', 'apollo', '2020-05-15 11:49:27', NULL, '2020-05-15 11:49:27');
INSERT INTO `Audit` VALUES (46, 'Item', 40, 'INSERT', NULL, b'0', 'apollo', '2020-05-15 11:49:27', NULL, '2020-05-15 11:49:27');
INSERT INTO `Audit` VALUES (47, 'Item', 41, 'INSERT', NULL, b'0', 'apollo', '2020-05-15 11:49:27', NULL, '2020-05-15 11:49:27');
INSERT INTO `Audit` VALUES (48, 'Item', 42, 'INSERT', NULL, b'0', 'apollo', '2020-05-15 11:49:27', NULL, '2020-05-15 11:49:27');
INSERT INTO `Audit` VALUES (49, 'Item', 43, 'INSERT', NULL, b'0', 'apollo', '2020-05-15 11:49:27', NULL, '2020-05-15 11:49:27');
INSERT INTO `Audit` VALUES (50, 'Item', 44, 'INSERT', NULL, b'0', 'apollo', '2020-05-15 11:49:27', NULL, '2020-05-15 11:49:27');
INSERT INTO `Audit` VALUES (51, 'Item', 45, 'INSERT', NULL, b'0', 'apollo', '2020-05-15 11:49:27', NULL, '2020-05-15 11:49:27');
INSERT INTO `Audit` VALUES (52, 'Item', 46, 'INSERT', NULL, b'0', 'apollo', '2020-05-15 11:49:27', NULL, '2020-05-15 11:49:27');
INSERT INTO `Audit` VALUES (53, 'Item', 47, 'INSERT', NULL, b'0', 'apollo', '2020-05-15 11:49:27', NULL, '2020-05-15 11:49:27');
INSERT INTO `Audit` VALUES (54, 'Item', 48, 'INSERT', NULL, b'0', 'apollo', '2020-05-15 11:49:27', NULL, '2020-05-15 11:49:27');
INSERT INTO `Audit` VALUES (55, 'Item', 49, 'INSERT', NULL, b'0', 'apollo', '2020-05-15 11:49:27', NULL, '2020-05-15 11:49:27');
INSERT INTO `Audit` VALUES (56, 'Item', 50, 'INSERT', NULL, b'0', 'apollo', '2020-05-15 11:49:27', NULL, '2020-05-15 11:49:27');
INSERT INTO `Audit` VALUES (57, 'Item', 51, 'INSERT', NULL, b'0', 'apollo', '2020-05-15 11:49:27', NULL, '2020-05-15 11:49:27');
INSERT INTO `Audit` VALUES (58, 'Item', 52, 'INSERT', NULL, b'0', 'apollo', '2020-05-15 11:49:27', NULL, '2020-05-15 11:49:27');
INSERT INTO `Audit` VALUES (59, 'Item', 53, 'INSERT', NULL, b'0', 'apollo', '2020-05-15 11:49:27', NULL, '2020-05-15 11:49:27');
INSERT INTO `Audit` VALUES (60, 'Item', 54, 'INSERT', NULL, b'0', 'apollo', '2020-05-15 11:49:27', NULL, '2020-05-15 11:49:27');
INSERT INTO `Audit` VALUES (61, 'Item', 55, 'INSERT', NULL, b'0', 'apollo', '2020-05-15 11:49:27', NULL, '2020-05-15 11:49:27');
INSERT INTO `Audit` VALUES (62, 'Item', 56, 'INSERT', NULL, b'0', 'apollo', '2020-05-15 11:49:27', NULL, '2020-05-15 11:49:27');
INSERT INTO `Audit` VALUES (63, 'Item', 57, 'INSERT', NULL, b'0', 'apollo', '2020-05-15 11:49:27', NULL, '2020-05-15 11:49:27');
INSERT INTO `Audit` VALUES (64, 'Item', 58, 'INSERT', NULL, b'0', 'apollo', '2020-05-15 11:49:27', NULL, '2020-05-15 11:49:27');
INSERT INTO `Audit` VALUES (65, 'Item', 59, 'INSERT', NULL, b'0', 'apollo', '2020-05-15 11:49:27', NULL, '2020-05-15 11:49:27');
INSERT INTO `Audit` VALUES (66, 'Item', 60, 'INSERT', NULL, b'0', 'apollo', '2020-05-15 11:49:27', NULL, '2020-05-15 11:49:27');
INSERT INTO `Audit` VALUES (67, 'Item', 61, 'INSERT', NULL, b'0', 'apollo', '2020-05-15 11:49:27', NULL, '2020-05-15 11:49:27');
INSERT INTO `Audit` VALUES (68, 'Item', 62, 'INSERT', NULL, b'0', 'apollo', '2020-05-15 11:49:27', NULL, '2020-05-15 11:49:27');
INSERT INTO `Audit` VALUES (69, 'Item', 63, 'INSERT', NULL, b'0', 'apollo', '2020-05-15 11:49:27', NULL, '2020-05-15 11:49:27');
INSERT INTO `Audit` VALUES (70, 'Item', 64, 'INSERT', NULL, b'0', 'apollo', '2020-05-15 11:49:27', NULL, '2020-05-15 11:49:27');
INSERT INTO `Audit` VALUES (71, 'Item', 65, 'INSERT', NULL, b'0', 'apollo', '2020-05-15 11:49:27', NULL, '2020-05-15 11:49:27');
INSERT INTO `Audit` VALUES (72, 'Item', 66, 'INSERT', NULL, b'0', 'apollo', '2020-05-15 11:49:27', NULL, '2020-05-15 11:49:27');
INSERT INTO `Audit` VALUES (73, 'Item', 67, 'INSERT', NULL, b'0', 'apollo', '2020-05-15 11:49:27', NULL, '2020-05-15 11:49:27');
INSERT INTO `Audit` VALUES (74, 'Item', 68, 'INSERT', NULL, b'0', 'apollo', '2020-05-15 11:49:27', NULL, '2020-05-15 11:49:27');
INSERT INTO `Audit` VALUES (75, 'ItemSet', NULL, 'INSERT', NULL, b'0', 'apollo', '2020-05-15 11:49:27', NULL, '2020-05-15 11:49:27');
INSERT INTO `Audit` VALUES (76, 'Release', 2, 'INSERT', NULL, b'0', 'apollo', '2020-05-15 11:49:32', NULL, '2020-05-15 11:49:32');
INSERT INTO `Audit` VALUES (77, 'ReleaseHistory', 2, 'INSERT', NULL, b'0', 'apollo', '2020-05-15 11:49:32', NULL, '2020-05-15 11:49:32');
INSERT INTO `Audit` VALUES (78, 'Item', 4, 'UPDATE', NULL, b'0', 'apollo', '2020-05-15 11:52:27', NULL, '2020-05-15 11:52:27');
INSERT INTO `Audit` VALUES (79, 'Release', 3, 'INSERT', NULL, b'0', 'apollo', '2020-05-15 11:52:30', NULL, '2020-05-15 11:52:30');
INSERT INTO `Audit` VALUES (80, 'ReleaseHistory', 3, 'INSERT', NULL, b'0', 'apollo', '2020-05-15 11:52:30', NULL, '2020-05-15 11:52:30');
INSERT INTO `Audit` VALUES (81, 'App', 3, 'INSERT', NULL, b'0', 'apollo', '2020-05-15 14:18:07', NULL, '2020-05-15 14:18:07');
INSERT INTO `Audit` VALUES (82, 'AppNamespace', 3, 'INSERT', NULL, b'0', 'apollo', '2020-05-15 14:18:07', NULL, '2020-05-15 14:18:07');
INSERT INTO `Audit` VALUES (83, 'Cluster', 3, 'INSERT', NULL, b'0', 'apollo', '2020-05-15 14:18:07', NULL, '2020-05-15 14:18:07');
INSERT INTO `Audit` VALUES (84, 'Namespace', 3, 'INSERT', NULL, b'0', 'apollo', '2020-05-15 14:18:07', NULL, '2020-05-15 14:18:07');
INSERT INTO `Audit` VALUES (85, 'App', 4, 'INSERT', NULL, b'0', 'apollo', '2020-05-15 14:22:26', NULL, '2020-05-15 14:22:26');
INSERT INTO `Audit` VALUES (86, 'AppNamespace', 4, 'INSERT', NULL, b'0', 'apollo', '2020-05-15 14:22:26', NULL, '2020-05-15 14:22:26');
INSERT INTO `Audit` VALUES (87, 'Cluster', 4, 'INSERT', NULL, b'0', 'apollo', '2020-05-15 14:22:26', NULL, '2020-05-15 14:22:26');
INSERT INTO `Audit` VALUES (88, 'Namespace', 4, 'INSERT', NULL, b'0', 'apollo', '2020-05-15 14:22:26', NULL, '2020-05-15 14:22:26');
INSERT INTO `Audit` VALUES (89, 'App', 5, 'INSERT', NULL, b'0', 'apollo', '2020-05-15 14:22:50', NULL, '2020-05-15 14:22:50');
INSERT INTO `Audit` VALUES (90, 'AppNamespace', 5, 'INSERT', NULL, b'0', 'apollo', '2020-05-15 14:22:50', NULL, '2020-05-15 14:22:50');
INSERT INTO `Audit` VALUES (91, 'Cluster', 5, 'INSERT', NULL, b'0', 'apollo', '2020-05-15 14:22:50', NULL, '2020-05-15 14:22:50');
INSERT INTO `Audit` VALUES (92, 'Namespace', 5, 'INSERT', NULL, b'0', 'apollo', '2020-05-15 14:22:50', NULL, '2020-05-15 14:22:50');
INSERT INTO `Audit` VALUES (93, 'App', 6, 'INSERT', NULL, b'0', 'apollo', '2020-05-15 14:25:36', NULL, '2020-05-15 14:25:36');
INSERT INTO `Audit` VALUES (94, 'AppNamespace', 6, 'INSERT', NULL, b'0', 'apollo', '2020-05-15 14:25:36', NULL, '2020-05-15 14:25:36');
INSERT INTO `Audit` VALUES (95, 'Cluster', 6, 'INSERT', NULL, b'0', 'apollo', '2020-05-15 14:25:36', NULL, '2020-05-15 14:25:36');
INSERT INTO `Audit` VALUES (96, 'Namespace', 6, 'INSERT', NULL, b'0', 'apollo', '2020-05-15 14:25:36', NULL, '2020-05-15 14:25:36');
INSERT INTO `Audit` VALUES (97, 'Namespace', 7, 'INSERT', NULL, b'0', 'apollo', '2020-05-15 14:26:03', NULL, '2020-05-15 14:26:03');
INSERT INTO `Audit` VALUES (98, 'AppNamespace', 7, 'INSERT', NULL, b'0', 'apollo', '2020-05-15 14:26:03', NULL, '2020-05-15 14:26:03');
INSERT INTO `Audit` VALUES (99, 'Item', 69, 'INSERT', NULL, b'0', 'apollo', '2020-05-15 14:44:47', NULL, '2020-05-15 14:44:47');
INSERT INTO `Audit` VALUES (100, 'Item', 70, 'INSERT', NULL, b'0', 'apollo', '2020-05-15 14:44:47', NULL, '2020-05-15 14:44:47');
INSERT INTO `Audit` VALUES (101, 'Item', 71, 'INSERT', NULL, b'0', 'apollo', '2020-05-15 14:44:47', NULL, '2020-05-15 14:44:47');
INSERT INTO `Audit` VALUES (102, 'Item', 72, 'INSERT', NULL, b'0', 'apollo', '2020-05-15 14:44:47', NULL, '2020-05-15 14:44:47');
INSERT INTO `Audit` VALUES (103, 'Item', 73, 'INSERT', NULL, b'0', 'apollo', '2020-05-15 14:44:47', NULL, '2020-05-15 14:44:47');
INSERT INTO `Audit` VALUES (104, 'Item', 74, 'INSERT', NULL, b'0', 'apollo', '2020-05-15 14:44:47', NULL, '2020-05-15 14:44:47');
INSERT INTO `Audit` VALUES (105, 'Item', 75, 'INSERT', NULL, b'0', 'apollo', '2020-05-15 14:44:47', NULL, '2020-05-15 14:44:47');
INSERT INTO `Audit` VALUES (106, 'Item', 76, 'INSERT', NULL, b'0', 'apollo', '2020-05-15 14:44:47', NULL, '2020-05-15 14:44:47');
INSERT INTO `Audit` VALUES (107, 'Item', 77, 'INSERT', NULL, b'0', 'apollo', '2020-05-15 14:44:47', NULL, '2020-05-15 14:44:47');
INSERT INTO `Audit` VALUES (108, 'Item', 78, 'INSERT', NULL, b'0', 'apollo', '2020-05-15 14:44:47', NULL, '2020-05-15 14:44:47');
INSERT INTO `Audit` VALUES (109, 'Item', 79, 'INSERT', NULL, b'0', 'apollo', '2020-05-15 14:44:47', NULL, '2020-05-15 14:44:47');
INSERT INTO `Audit` VALUES (110, 'Item', 80, 'INSERT', NULL, b'0', 'apollo', '2020-05-15 14:44:47', NULL, '2020-05-15 14:44:47');
INSERT INTO `Audit` VALUES (111, 'Item', 81, 'INSERT', NULL, b'0', 'apollo', '2020-05-15 14:44:47', NULL, '2020-05-15 14:44:47');
INSERT INTO `Audit` VALUES (112, 'Item', 82, 'INSERT', NULL, b'0', 'apollo', '2020-05-15 14:44:47', NULL, '2020-05-15 14:44:47');
INSERT INTO `Audit` VALUES (113, 'Item', 83, 'INSERT', NULL, b'0', 'apollo', '2020-05-15 14:44:47', NULL, '2020-05-15 14:44:47');
INSERT INTO `Audit` VALUES (114, 'Item', 84, 'INSERT', NULL, b'0', 'apollo', '2020-05-15 14:44:47', NULL, '2020-05-15 14:44:47');
INSERT INTO `Audit` VALUES (115, 'Item', 85, 'INSERT', NULL, b'0', 'apollo', '2020-05-15 14:44:47', NULL, '2020-05-15 14:44:47');
INSERT INTO `Audit` VALUES (116, 'Item', 86, 'INSERT', NULL, b'0', 'apollo', '2020-05-15 14:44:47', NULL, '2020-05-15 14:44:47');
INSERT INTO `Audit` VALUES (117, 'Item', 87, 'INSERT', NULL, b'0', 'apollo', '2020-05-15 14:44:47', NULL, '2020-05-15 14:44:47');
INSERT INTO `Audit` VALUES (118, 'Item', 88, 'INSERT', NULL, b'0', 'apollo', '2020-05-15 14:44:47', NULL, '2020-05-15 14:44:47');
INSERT INTO `Audit` VALUES (119, 'Item', 89, 'INSERT', NULL, b'0', 'apollo', '2020-05-15 14:44:47', NULL, '2020-05-15 14:44:47');
INSERT INTO `Audit` VALUES (120, 'Item', 90, 'INSERT', NULL, b'0', 'apollo', '2020-05-15 14:44:47', NULL, '2020-05-15 14:44:47');
INSERT INTO `Audit` VALUES (121, 'Item', 91, 'INSERT', NULL, b'0', 'apollo', '2020-05-15 14:44:47', NULL, '2020-05-15 14:44:47');
INSERT INTO `Audit` VALUES (122, 'Item', 92, 'INSERT', NULL, b'0', 'apollo', '2020-05-15 14:44:47', NULL, '2020-05-15 14:44:47');
INSERT INTO `Audit` VALUES (123, 'Item', 93, 'INSERT', NULL, b'0', 'apollo', '2020-05-15 14:44:47', NULL, '2020-05-15 14:44:47');
INSERT INTO `Audit` VALUES (124, 'Item', 94, 'INSERT', NULL, b'0', 'apollo', '2020-05-15 14:44:47', NULL, '2020-05-15 14:44:47');
INSERT INTO `Audit` VALUES (125, 'Item', 95, 'INSERT', NULL, b'0', 'apollo', '2020-05-15 14:44:47', NULL, '2020-05-15 14:44:47');
INSERT INTO `Audit` VALUES (126, 'Item', 96, 'INSERT', NULL, b'0', 'apollo', '2020-05-15 14:44:47', NULL, '2020-05-15 14:44:47');
INSERT INTO `Audit` VALUES (127, 'Item', 97, 'INSERT', NULL, b'0', 'apollo', '2020-05-15 14:44:47', NULL, '2020-05-15 14:44:47');
INSERT INTO `Audit` VALUES (128, 'Item', 98, 'INSERT', NULL, b'0', 'apollo', '2020-05-15 14:44:47', NULL, '2020-05-15 14:44:47');
INSERT INTO `Audit` VALUES (129, 'Item', 99, 'INSERT', NULL, b'0', 'apollo', '2020-05-15 14:44:47', NULL, '2020-05-15 14:44:47');
INSERT INTO `Audit` VALUES (130, 'Item', 100, 'INSERT', NULL, b'0', 'apollo', '2020-05-15 14:44:47', NULL, '2020-05-15 14:44:47');
INSERT INTO `Audit` VALUES (131, 'Item', 101, 'INSERT', NULL, b'0', 'apollo', '2020-05-15 14:44:47', NULL, '2020-05-15 14:44:47');
INSERT INTO `Audit` VALUES (132, 'Item', 102, 'INSERT', NULL, b'0', 'apollo', '2020-05-15 14:44:47', NULL, '2020-05-15 14:44:47');
INSERT INTO `Audit` VALUES (133, 'Item', 103, 'INSERT', NULL, b'0', 'apollo', '2020-05-15 14:44:47', NULL, '2020-05-15 14:44:47');
INSERT INTO `Audit` VALUES (134, 'Item', 104, 'INSERT', NULL, b'0', 'apollo', '2020-05-15 14:44:47', NULL, '2020-05-15 14:44:47');
INSERT INTO `Audit` VALUES (135, 'Item', 105, 'INSERT', NULL, b'0', 'apollo', '2020-05-15 14:44:47', NULL, '2020-05-15 14:44:47');
INSERT INTO `Audit` VALUES (136, 'Item', 106, 'INSERT', NULL, b'0', 'apollo', '2020-05-15 14:44:47', NULL, '2020-05-15 14:44:47');
INSERT INTO `Audit` VALUES (137, 'Item', 107, 'INSERT', NULL, b'0', 'apollo', '2020-05-15 14:44:47', NULL, '2020-05-15 14:44:47');
INSERT INTO `Audit` VALUES (138, 'Item', 108, 'INSERT', NULL, b'0', 'apollo', '2020-05-15 14:44:47', NULL, '2020-05-15 14:44:47');
INSERT INTO `Audit` VALUES (139, 'Item', 109, 'INSERT', NULL, b'0', 'apollo', '2020-05-15 14:44:47', NULL, '2020-05-15 14:44:47');
INSERT INTO `Audit` VALUES (140, 'Item', 110, 'INSERT', NULL, b'0', 'apollo', '2020-05-15 14:44:47', NULL, '2020-05-15 14:44:47');
INSERT INTO `Audit` VALUES (141, 'Item', 111, 'INSERT', NULL, b'0', 'apollo', '2020-05-15 14:44:47', NULL, '2020-05-15 14:44:47');
INSERT INTO `Audit` VALUES (142, 'Item', 112, 'INSERT', NULL, b'0', 'apollo', '2020-05-15 14:44:47', NULL, '2020-05-15 14:44:47');
INSERT INTO `Audit` VALUES (143, 'Item', 113, 'INSERT', NULL, b'0', 'apollo', '2020-05-15 14:44:47', NULL, '2020-05-15 14:44:47');
INSERT INTO `Audit` VALUES (144, 'Item', 114, 'INSERT', NULL, b'0', 'apollo', '2020-05-15 14:44:47', NULL, '2020-05-15 14:44:47');
INSERT INTO `Audit` VALUES (145, 'Item', 115, 'INSERT', NULL, b'0', 'apollo', '2020-05-15 14:44:47', NULL, '2020-05-15 14:44:47');
INSERT INTO `Audit` VALUES (146, 'Item', 116, 'INSERT', NULL, b'0', 'apollo', '2020-05-15 14:44:47', NULL, '2020-05-15 14:44:47');
INSERT INTO `Audit` VALUES (147, 'Item', 117, 'INSERT', NULL, b'0', 'apollo', '2020-05-15 14:44:47', NULL, '2020-05-15 14:44:47');
INSERT INTO `Audit` VALUES (148, 'Item', 118, 'INSERT', NULL, b'0', 'apollo', '2020-05-15 14:44:47', NULL, '2020-05-15 14:44:47');
INSERT INTO `Audit` VALUES (149, 'Item', 119, 'INSERT', NULL, b'0', 'apollo', '2020-05-15 14:44:47', NULL, '2020-05-15 14:44:47');
INSERT INTO `Audit` VALUES (150, 'Item', 120, 'INSERT', NULL, b'0', 'apollo', '2020-05-15 14:44:47', NULL, '2020-05-15 14:44:47');
INSERT INTO `Audit` VALUES (151, 'Item', 121, 'INSERT', NULL, b'0', 'apollo', '2020-05-15 14:44:47', NULL, '2020-05-15 14:44:47');
INSERT INTO `Audit` VALUES (152, 'Item', 122, 'INSERT', NULL, b'0', 'apollo', '2020-05-15 14:44:47', NULL, '2020-05-15 14:44:47');
INSERT INTO `Audit` VALUES (153, 'Item', 123, 'INSERT', NULL, b'0', 'apollo', '2020-05-15 14:44:47', NULL, '2020-05-15 14:44:47');
INSERT INTO `Audit` VALUES (154, 'Item', 124, 'INSERT', NULL, b'0', 'apollo', '2020-05-15 14:44:47', NULL, '2020-05-15 14:44:47');
INSERT INTO `Audit` VALUES (155, 'Item', 125, 'INSERT', NULL, b'0', 'apollo', '2020-05-15 14:44:47', NULL, '2020-05-15 14:44:47');
INSERT INTO `Audit` VALUES (156, 'Item', 126, 'INSERT', NULL, b'0', 'apollo', '2020-05-15 14:44:47', NULL, '2020-05-15 14:44:47');
INSERT INTO `Audit` VALUES (157, 'Item', 127, 'INSERT', NULL, b'0', 'apollo', '2020-05-15 14:44:47', NULL, '2020-05-15 14:44:47');
INSERT INTO `Audit` VALUES (158, 'Item', 128, 'INSERT', NULL, b'0', 'apollo', '2020-05-15 14:44:47', NULL, '2020-05-15 14:44:47');
INSERT INTO `Audit` VALUES (159, 'Item', 129, 'INSERT', NULL, b'0', 'apollo', '2020-05-15 14:44:47', NULL, '2020-05-15 14:44:47');
INSERT INTO `Audit` VALUES (160, 'Item', 130, 'INSERT', NULL, b'0', 'apollo', '2020-05-15 14:44:47', NULL, '2020-05-15 14:44:47');
INSERT INTO `Audit` VALUES (161, 'Item', 131, 'INSERT', NULL, b'0', 'apollo', '2020-05-15 14:44:47', NULL, '2020-05-15 14:44:47');
INSERT INTO `Audit` VALUES (162, 'Item', 132, 'INSERT', NULL, b'0', 'apollo', '2020-05-15 14:44:47', NULL, '2020-05-15 14:44:47');
INSERT INTO `Audit` VALUES (163, 'Item', 133, 'INSERT', NULL, b'0', 'apollo', '2020-05-15 14:44:47', NULL, '2020-05-15 14:44:47');
INSERT INTO `Audit` VALUES (164, 'Item', 134, 'INSERT', NULL, b'0', 'apollo', '2020-05-15 14:44:47', NULL, '2020-05-15 14:44:47');
INSERT INTO `Audit` VALUES (165, 'Item', 135, 'INSERT', NULL, b'0', 'apollo', '2020-05-15 14:44:47', NULL, '2020-05-15 14:44:47');
INSERT INTO `Audit` VALUES (166, 'Item', 136, 'INSERT', NULL, b'0', 'apollo', '2020-05-15 14:44:47', NULL, '2020-05-15 14:44:47');
INSERT INTO `Audit` VALUES (167, 'Item', 137, 'INSERT', NULL, b'0', 'apollo', '2020-05-15 14:44:47', NULL, '2020-05-15 14:44:47');
INSERT INTO `Audit` VALUES (168, 'Item', 138, 'INSERT', NULL, b'0', 'apollo', '2020-05-15 14:44:47', NULL, '2020-05-15 14:44:47');
INSERT INTO `Audit` VALUES (169, 'Item', 139, 'INSERT', NULL, b'0', 'apollo', '2020-05-15 14:44:47', NULL, '2020-05-15 14:44:47');
INSERT INTO `Audit` VALUES (170, 'Item', 140, 'INSERT', NULL, b'0', 'apollo', '2020-05-15 14:44:47', NULL, '2020-05-15 14:44:47');
INSERT INTO `Audit` VALUES (171, 'Item', 141, 'INSERT', NULL, b'0', 'apollo', '2020-05-15 14:44:47', NULL, '2020-05-15 14:44:47');
INSERT INTO `Audit` VALUES (172, 'Item', 142, 'INSERT', NULL, b'0', 'apollo', '2020-05-15 14:44:47', NULL, '2020-05-15 14:44:47');
INSERT INTO `Audit` VALUES (173, 'Item', 143, 'INSERT', NULL, b'0', 'apollo', '2020-05-15 14:44:47', NULL, '2020-05-15 14:44:47');
INSERT INTO `Audit` VALUES (174, 'Item', 144, 'INSERT', NULL, b'0', 'apollo', '2020-05-15 14:44:47', NULL, '2020-05-15 14:44:47');
INSERT INTO `Audit` VALUES (175, 'Item', 145, 'INSERT', NULL, b'0', 'apollo', '2020-05-15 14:44:47', NULL, '2020-05-15 14:44:47');
INSERT INTO `Audit` VALUES (176, 'Item', 146, 'INSERT', NULL, b'0', 'apollo', '2020-05-15 14:44:47', NULL, '2020-05-15 14:44:47');
INSERT INTO `Audit` VALUES (177, 'Item', 147, 'INSERT', NULL, b'0', 'apollo', '2020-05-15 14:44:47', NULL, '2020-05-15 14:44:47');
INSERT INTO `Audit` VALUES (178, 'Item', 148, 'INSERT', NULL, b'0', 'apollo', '2020-05-15 14:44:47', NULL, '2020-05-15 14:44:47');
INSERT INTO `Audit` VALUES (179, 'Item', 149, 'INSERT', NULL, b'0', 'apollo', '2020-05-15 14:44:47', NULL, '2020-05-15 14:44:47');
INSERT INTO `Audit` VALUES (180, 'Item', 150, 'INSERT', NULL, b'0', 'apollo', '2020-05-15 14:44:47', NULL, '2020-05-15 14:44:47');
INSERT INTO `Audit` VALUES (181, 'Item', 151, 'INSERT', NULL, b'0', 'apollo', '2020-05-15 14:44:47', NULL, '2020-05-15 14:44:47');
INSERT INTO `Audit` VALUES (182, 'Item', 152, 'INSERT', NULL, b'0', 'apollo', '2020-05-15 14:44:47', NULL, '2020-05-15 14:44:47');
INSERT INTO `Audit` VALUES (183, 'Item', 153, 'INSERT', NULL, b'0', 'apollo', '2020-05-15 14:44:47', NULL, '2020-05-15 14:44:47');
INSERT INTO `Audit` VALUES (184, 'Item', 154, 'INSERT', NULL, b'0', 'apollo', '2020-05-15 14:44:47', NULL, '2020-05-15 14:44:47');
INSERT INTO `Audit` VALUES (185, 'Item', 155, 'INSERT', NULL, b'0', 'apollo', '2020-05-15 14:44:47', NULL, '2020-05-15 14:44:47');
INSERT INTO `Audit` VALUES (186, 'Item', 156, 'INSERT', NULL, b'0', 'apollo', '2020-05-15 14:44:47', NULL, '2020-05-15 14:44:47');
INSERT INTO `Audit` VALUES (187, 'Item', 157, 'INSERT', NULL, b'0', 'apollo', '2020-05-15 14:44:47', NULL, '2020-05-15 14:44:47');
INSERT INTO `Audit` VALUES (188, 'Item', 158, 'INSERT', NULL, b'0', 'apollo', '2020-05-15 14:44:47', NULL, '2020-05-15 14:44:47');
INSERT INTO `Audit` VALUES (189, 'Item', 159, 'INSERT', NULL, b'0', 'apollo', '2020-05-15 14:44:47', NULL, '2020-05-15 14:44:47');
INSERT INTO `Audit` VALUES (190, 'Item', 160, 'INSERT', NULL, b'0', 'apollo', '2020-05-15 14:44:47', NULL, '2020-05-15 14:44:47');
INSERT INTO `Audit` VALUES (191, 'Item', 161, 'INSERT', NULL, b'0', 'apollo', '2020-05-15 14:44:47', NULL, '2020-05-15 14:44:47');
INSERT INTO `Audit` VALUES (192, 'ItemSet', NULL, 'INSERT', NULL, b'0', 'apollo', '2020-05-15 14:44:47', NULL, '2020-05-15 14:44:47');
INSERT INTO `Audit` VALUES (193, 'Release', 4, 'INSERT', NULL, b'0', 'apollo', '2020-05-15 14:44:52', NULL, '2020-05-15 14:44:52');
INSERT INTO `Audit` VALUES (194, 'ReleaseHistory', 4, 'INSERT', NULL, b'0', 'apollo', '2020-05-15 14:44:52', NULL, '2020-05-15 14:44:52');
INSERT INTO `Audit` VALUES (195, 'Item', 162, 'INSERT', NULL, b'0', 'apollo', '2020-05-15 15:09:04', NULL, '2020-05-15 15:09:04');
INSERT INTO `Audit` VALUES (196, 'Item', 163, 'INSERT', NULL, b'0', 'apollo', '2020-05-15 15:09:04', NULL, '2020-05-15 15:09:04');
INSERT INTO `Audit` VALUES (197, 'Item', 164, 'INSERT', NULL, b'0', 'apollo', '2020-05-15 15:09:04', NULL, '2020-05-15 15:09:04');
INSERT INTO `Audit` VALUES (198, 'Item', 165, 'INSERT', NULL, b'0', 'apollo', '2020-05-15 15:09:04', NULL, '2020-05-15 15:09:04');
INSERT INTO `Audit` VALUES (199, 'Item', 166, 'INSERT', NULL, b'0', 'apollo', '2020-05-15 15:09:04', NULL, '2020-05-15 15:09:04');
INSERT INTO `Audit` VALUES (200, 'Item', 167, 'INSERT', NULL, b'0', 'apollo', '2020-05-15 15:09:04', NULL, '2020-05-15 15:09:04');
INSERT INTO `Audit` VALUES (201, 'Item', 168, 'INSERT', NULL, b'0', 'apollo', '2020-05-15 15:09:04', NULL, '2020-05-15 15:09:04');
INSERT INTO `Audit` VALUES (202, 'Item', 169, 'INSERT', NULL, b'0', 'apollo', '2020-05-15 15:09:04', NULL, '2020-05-15 15:09:04');
INSERT INTO `Audit` VALUES (203, 'Item', 170, 'INSERT', NULL, b'0', 'apollo', '2020-05-15 15:09:04', NULL, '2020-05-15 15:09:04');
INSERT INTO `Audit` VALUES (204, 'Item', 171, 'INSERT', NULL, b'0', 'apollo', '2020-05-15 15:09:05', NULL, '2020-05-15 15:09:05');
INSERT INTO `Audit` VALUES (205, 'Item', 172, 'INSERT', NULL, b'0', 'apollo', '2020-05-15 15:09:05', NULL, '2020-05-15 15:09:05');
INSERT INTO `Audit` VALUES (206, 'Item', 173, 'INSERT', NULL, b'0', 'apollo', '2020-05-15 15:09:05', NULL, '2020-05-15 15:09:05');
INSERT INTO `Audit` VALUES (207, 'Item', 174, 'INSERT', NULL, b'0', 'apollo', '2020-05-15 15:09:05', NULL, '2020-05-15 15:09:05');
INSERT INTO `Audit` VALUES (208, 'Item', 175, 'INSERT', NULL, b'0', 'apollo', '2020-05-15 15:09:05', NULL, '2020-05-15 15:09:05');
INSERT INTO `Audit` VALUES (209, 'Item', 176, 'INSERT', NULL, b'0', 'apollo', '2020-05-15 15:09:05', NULL, '2020-05-15 15:09:05');
INSERT INTO `Audit` VALUES (210, 'Item', 177, 'INSERT', NULL, b'0', 'apollo', '2020-05-15 15:09:05', NULL, '2020-05-15 15:09:05');
INSERT INTO `Audit` VALUES (211, 'Item', 178, 'INSERT', NULL, b'0', 'apollo', '2020-05-15 15:09:05', NULL, '2020-05-15 15:09:05');
INSERT INTO `Audit` VALUES (212, 'Item', 179, 'INSERT', NULL, b'0', 'apollo', '2020-05-15 15:09:05', NULL, '2020-05-15 15:09:05');
INSERT INTO `Audit` VALUES (213, 'Item', 180, 'INSERT', NULL, b'0', 'apollo', '2020-05-15 15:09:05', NULL, '2020-05-15 15:09:05');
INSERT INTO `Audit` VALUES (214, 'Item', 181, 'INSERT', NULL, b'0', 'apollo', '2020-05-15 15:09:05', NULL, '2020-05-15 15:09:05');
INSERT INTO `Audit` VALUES (215, 'Item', 182, 'INSERT', NULL, b'0', 'apollo', '2020-05-15 15:09:05', NULL, '2020-05-15 15:09:05');
INSERT INTO `Audit` VALUES (216, 'Item', 183, 'INSERT', NULL, b'0', 'apollo', '2020-05-15 15:09:05', NULL, '2020-05-15 15:09:05');
INSERT INTO `Audit` VALUES (217, 'Item', 184, 'INSERT', NULL, b'0', 'apollo', '2020-05-15 15:09:05', NULL, '2020-05-15 15:09:05');
INSERT INTO `Audit` VALUES (218, 'Item', 185, 'INSERT', NULL, b'0', 'apollo', '2020-05-15 15:09:05', NULL, '2020-05-15 15:09:05');
INSERT INTO `Audit` VALUES (219, 'Item', 186, 'INSERT', NULL, b'0', 'apollo', '2020-05-15 15:09:05', NULL, '2020-05-15 15:09:05');
INSERT INTO `Audit` VALUES (220, 'Item', 187, 'INSERT', NULL, b'0', 'apollo', '2020-05-15 15:09:05', NULL, '2020-05-15 15:09:05');
INSERT INTO `Audit` VALUES (221, 'Item', 188, 'INSERT', NULL, b'0', 'apollo', '2020-05-15 15:09:05', NULL, '2020-05-15 15:09:05');
INSERT INTO `Audit` VALUES (222, 'Item', 189, 'INSERT', NULL, b'0', 'apollo', '2020-05-15 15:09:05', NULL, '2020-05-15 15:09:05');
INSERT INTO `Audit` VALUES (223, 'Item', 190, 'INSERT', NULL, b'0', 'apollo', '2020-05-15 15:09:05', NULL, '2020-05-15 15:09:05');
INSERT INTO `Audit` VALUES (224, 'Item', 191, 'INSERT', NULL, b'0', 'apollo', '2020-05-15 15:09:05', NULL, '2020-05-15 15:09:05');
INSERT INTO `Audit` VALUES (225, 'Item', 192, 'INSERT', NULL, b'0', 'apollo', '2020-05-15 15:09:05', NULL, '2020-05-15 15:09:05');
INSERT INTO `Audit` VALUES (226, 'Item', 193, 'INSERT', NULL, b'0', 'apollo', '2020-05-15 15:09:05', NULL, '2020-05-15 15:09:05');
INSERT INTO `Audit` VALUES (227, 'Item', 194, 'INSERT', NULL, b'0', 'apollo', '2020-05-15 15:09:05', NULL, '2020-05-15 15:09:05');
INSERT INTO `Audit` VALUES (228, 'Item', 195, 'INSERT', NULL, b'0', 'apollo', '2020-05-15 15:09:05', NULL, '2020-05-15 15:09:05');
INSERT INTO `Audit` VALUES (229, 'Item', 196, 'INSERT', NULL, b'0', 'apollo', '2020-05-15 15:09:05', NULL, '2020-05-15 15:09:05');
INSERT INTO `Audit` VALUES (230, 'Item', 197, 'INSERT', NULL, b'0', 'apollo', '2020-05-15 15:09:05', NULL, '2020-05-15 15:09:05');
INSERT INTO `Audit` VALUES (231, 'Item', 198, 'INSERT', NULL, b'0', 'apollo', '2020-05-15 15:09:05', NULL, '2020-05-15 15:09:05');
INSERT INTO `Audit` VALUES (232, 'Item', 199, 'INSERT', NULL, b'0', 'apollo', '2020-05-15 15:09:05', NULL, '2020-05-15 15:09:05');
INSERT INTO `Audit` VALUES (233, 'Item', 200, 'INSERT', NULL, b'0', 'apollo', '2020-05-15 15:09:05', NULL, '2020-05-15 15:09:05');
INSERT INTO `Audit` VALUES (234, 'Item', 201, 'INSERT', NULL, b'0', 'apollo', '2020-05-15 15:09:05', NULL, '2020-05-15 15:09:05');
INSERT INTO `Audit` VALUES (235, 'Item', 202, 'INSERT', NULL, b'0', 'apollo', '2020-05-15 15:09:05', NULL, '2020-05-15 15:09:05');
INSERT INTO `Audit` VALUES (236, 'Item', 203, 'INSERT', NULL, b'0', 'apollo', '2020-05-15 15:09:05', NULL, '2020-05-15 15:09:05');
INSERT INTO `Audit` VALUES (237, 'Item', 204, 'INSERT', NULL, b'0', 'apollo', '2020-05-15 15:09:05', NULL, '2020-05-15 15:09:05');
INSERT INTO `Audit` VALUES (238, 'Item', 205, 'INSERT', NULL, b'0', 'apollo', '2020-05-15 15:09:05', NULL, '2020-05-15 15:09:05');
INSERT INTO `Audit` VALUES (239, 'Item', 206, 'INSERT', NULL, b'0', 'apollo', '2020-05-15 15:09:05', NULL, '2020-05-15 15:09:05');
INSERT INTO `Audit` VALUES (240, 'Item', 207, 'INSERT', NULL, b'0', 'apollo', '2020-05-15 15:09:05', NULL, '2020-05-15 15:09:05');
INSERT INTO `Audit` VALUES (241, 'Item', 208, 'INSERT', NULL, b'0', 'apollo', '2020-05-15 15:09:05', NULL, '2020-05-15 15:09:05');
INSERT INTO `Audit` VALUES (242, 'Item', 209, 'INSERT', NULL, b'0', 'apollo', '2020-05-15 15:09:05', NULL, '2020-05-15 15:09:05');
INSERT INTO `Audit` VALUES (243, 'ItemSet', NULL, 'INSERT', NULL, b'0', 'apollo', '2020-05-15 15:09:05', NULL, '2020-05-15 15:09:05');
INSERT INTO `Audit` VALUES (244, 'Release', 5, 'INSERT', NULL, b'0', 'apollo', '2020-05-15 15:09:19', NULL, '2020-05-15 15:09:19');
INSERT INTO `Audit` VALUES (245, 'ReleaseHistory', 5, 'INSERT', NULL, b'0', 'apollo', '2020-05-15 15:09:19', NULL, '2020-05-15 15:09:19');
INSERT INTO `Audit` VALUES (246, 'Item', 165, 'UPDATE', NULL, b'0', 'apollo', '2020-05-15 15:10:17', NULL, '2020-05-15 15:10:17');
INSERT INTO `Audit` VALUES (247, 'ItemSet', NULL, 'UPDATE', NULL, b'0', 'apollo', '2020-05-15 15:10:17', NULL, '2020-05-15 15:10:17');
INSERT INTO `Audit` VALUES (248, 'Release', 6, 'INSERT', NULL, b'0', 'apollo', '2020-05-15 15:10:20', NULL, '2020-05-15 15:10:20');
INSERT INTO `Audit` VALUES (249, 'ReleaseHistory', 6, 'INSERT', NULL, b'0', 'apollo', '2020-05-15 15:10:20', NULL, '2020-05-15 15:10:20');
INSERT INTO `Audit` VALUES (250, 'Item', 165, 'UPDATE', NULL, b'0', 'apollo', '2020-05-15 15:11:20', NULL, '2020-05-15 15:11:20');
INSERT INTO `Audit` VALUES (251, 'Release', 7, 'INSERT', NULL, b'0', 'apollo', '2020-05-15 15:11:23', NULL, '2020-05-15 15:11:23');
INSERT INTO `Audit` VALUES (252, 'ReleaseHistory', 7, 'INSERT', NULL, b'0', 'apollo', '2020-05-15 15:11:23', NULL, '2020-05-15 15:11:23');
INSERT INTO `Audit` VALUES (253, 'Item', 210, 'INSERT', NULL, b'0', 'apollo', '2020-05-15 15:22:30', NULL, '2020-05-15 15:22:30');
INSERT INTO `Audit` VALUES (254, 'Release', 8, 'INSERT', NULL, b'0', 'apollo', '2020-05-15 15:22:34', NULL, '2020-05-15 15:22:34');
INSERT INTO `Audit` VALUES (255, 'ReleaseHistory', 8, 'INSERT', NULL, b'0', 'apollo', '2020-05-15 15:22:34', NULL, '2020-05-15 15:22:34');
INSERT INTO `Audit` VALUES (256, 'Item', 210, 'UPDATE', NULL, b'0', 'apollo', '2020-05-15 15:23:29', NULL, '2020-05-15 15:23:29');
INSERT INTO `Audit` VALUES (257, 'Release', 9, 'INSERT', NULL, b'0', 'apollo', '2020-05-15 15:23:33', NULL, '2020-05-15 15:23:33');
INSERT INTO `Audit` VALUES (258, 'ReleaseHistory', 9, 'INSERT', NULL, b'0', 'apollo', '2020-05-15 15:23:33', NULL, '2020-05-15 15:23:33');
INSERT INTO `Audit` VALUES (259, 'Item', 211, 'INSERT', NULL, b'0', 'apollo', '2020-05-15 15:40:31', NULL, '2020-05-15 15:40:31');
INSERT INTO `Audit` VALUES (260, 'Release', 10, 'INSERT', NULL, b'0', 'apollo', '2020-05-15 15:40:36', NULL, '2020-05-15 15:40:36');
INSERT INTO `Audit` VALUES (261, 'ReleaseHistory', 10, 'INSERT', NULL, b'0', 'apollo', '2020-05-15 15:40:36', NULL, '2020-05-15 15:40:36');
INSERT INTO `Audit` VALUES (262, 'Item', 211, 'UPDATE', NULL, b'0', 'apollo', '2020-05-15 15:41:59', NULL, '2020-05-15 15:41:59');
INSERT INTO `Audit` VALUES (263, 'Release', 11, 'INSERT', NULL, b'0', 'apollo', '2020-05-15 15:42:06', NULL, '2020-05-15 15:42:06');
INSERT INTO `Audit` VALUES (264, 'ReleaseHistory', 11, 'INSERT', NULL, b'0', 'apollo', '2020-05-15 15:42:06', NULL, '2020-05-15 15:42:06');
INSERT INTO `Audit` VALUES (265, 'Item', 41, 'UPDATE', NULL, b'0', 'apollo', '2020-05-18 17:17:05', NULL, '2020-05-18 17:17:05');
INSERT INTO `Audit` VALUES (266, 'Release', 12, 'INSERT', NULL, b'0', 'apollo', '2020-05-18 17:17:16', NULL, '2020-05-18 17:17:16');
INSERT INTO `Audit` VALUES (267, 'ReleaseHistory', 12, 'INSERT', NULL, b'0', 'apollo', '2020-05-18 17:17:16', NULL, '2020-05-18 17:17:16');
INSERT INTO `Audit` VALUES (268, 'Item', 41, 'UPDATE', NULL, b'0', 'apollo', '2020-05-18 17:19:33', NULL, '2020-05-18 17:19:33');
INSERT INTO `Audit` VALUES (269, 'Release', 13, 'INSERT', NULL, b'0', 'apollo', '2020-05-18 17:19:36', NULL, '2020-05-18 17:19:36');
INSERT INTO `Audit` VALUES (270, 'ReleaseHistory', 13, 'INSERT', NULL, b'0', 'apollo', '2020-05-18 17:19:36', NULL, '2020-05-18 17:19:36');
INSERT INTO `Audit` VALUES (271, 'Item', 41, 'UPDATE', NULL, b'0', 'apollo', '2020-05-18 17:22:20', NULL, '2020-05-18 17:22:20');
INSERT INTO `Audit` VALUES (272, 'Release', 14, 'INSERT', NULL, b'0', 'apollo', '2020-05-18 17:22:26', NULL, '2020-05-18 17:22:26');
INSERT INTO `Audit` VALUES (273, 'ReleaseHistory', 14, 'INSERT', NULL, b'0', 'apollo', '2020-05-18 17:22:26', NULL, '2020-05-18 17:22:26');
INSERT INTO `Audit` VALUES (274, 'Item', 41, 'UPDATE', NULL, b'0', 'apollo', '2020-05-18 17:23:02', NULL, '2020-05-18 17:23:02');
INSERT INTO `Audit` VALUES (275, 'Release', 15, 'INSERT', NULL, b'0', 'apollo', '2020-05-18 17:23:05', NULL, '2020-05-18 17:23:05');
INSERT INTO `Audit` VALUES (276, 'ReleaseHistory', 15, 'INSERT', NULL, b'0', 'apollo', '2020-05-18 17:23:05', NULL, '2020-05-18 17:23:05');
INSERT INTO `Audit` VALUES (277, 'Item', 173, 'UPDATE', NULL, b'0', 'apollo', '2020-05-18 17:57:40', NULL, '2020-05-18 17:57:40');
INSERT INTO `Audit` VALUES (278, 'Release', 16, 'INSERT', NULL, b'0', 'apollo', '2020-05-18 17:57:56', NULL, '2020-05-18 17:57:56');
INSERT INTO `Audit` VALUES (279, 'ReleaseHistory', 16, 'INSERT', NULL, b'0', 'apollo', '2020-05-18 17:57:56', NULL, '2020-05-18 17:57:56');
INSERT INTO `Audit` VALUES (280, 'Item', 212, 'INSERT', NULL, b'0', 'apollo', '2020-05-18 18:00:27', NULL, '2020-05-18 18:00:27');
INSERT INTO `Audit` VALUES (281, 'ItemSet', NULL, 'INSERT', NULL, b'0', 'apollo', '2020-05-18 18:00:27', NULL, '2020-05-18 18:00:27');
INSERT INTO `Audit` VALUES (282, 'Item', 112, 'UPDATE', NULL, b'0', 'apollo', '2020-05-18 18:00:27', NULL, '2020-05-18 18:00:27');
INSERT INTO `Audit` VALUES (283, 'Item', 138, 'UPDATE', NULL, b'0', 'apollo', '2020-05-18 18:00:27', NULL, '2020-05-18 18:00:27');
INSERT INTO `Audit` VALUES (284, 'Item', 148, 'UPDATE', NULL, b'0', 'apollo', '2020-05-18 18:00:27', NULL, '2020-05-18 18:00:27');
INSERT INTO `Audit` VALUES (285, 'ItemSet', NULL, 'UPDATE', NULL, b'0', 'apollo', '2020-05-18 18:00:27', NULL, '2020-05-18 18:00:27');
INSERT INTO `Audit` VALUES (286, 'Item', 77, 'DELETE', NULL, b'0', 'apollo', '2020-05-18 18:00:27', NULL, '2020-05-18 18:00:27');
INSERT INTO `Audit` VALUES (287, 'ItemSet', NULL, 'DELETE', NULL, b'0', 'apollo', '2020-05-18 18:00:27', NULL, '2020-05-18 18:00:27');
INSERT INTO `Audit` VALUES (288, 'Release', 17, 'INSERT', NULL, b'0', 'apollo', '2020-05-18 18:00:31', NULL, '2020-05-18 18:00:31');
INSERT INTO `Audit` VALUES (289, 'ReleaseHistory', 17, 'INSERT', NULL, b'0', 'apollo', '2020-05-18 18:00:31', NULL, '2020-05-18 18:00:31');
INSERT INTO `Audit` VALUES (290, 'Item', 203, 'UPDATE', NULL, b'0', 'apollo', '2020-05-18 18:05:00', NULL, '2020-05-18 18:05:00');
INSERT INTO `Audit` VALUES (291, 'Item', 206, 'UPDATE', NULL, b'0', 'apollo', '2020-05-18 18:05:25', NULL, '2020-05-18 18:05:25');
INSERT INTO `Audit` VALUES (292, 'Item', 209, 'UPDATE', NULL, b'0', 'apollo', '2020-05-18 18:05:41', NULL, '2020-05-18 18:05:41');
INSERT INTO `Audit` VALUES (293, 'Release', 18, 'INSERT', NULL, b'0', 'apollo', '2020-05-18 18:05:51', NULL, '2020-05-18 18:05:51');
INSERT INTO `Audit` VALUES (294, 'ReleaseHistory', 18, 'INSERT', NULL, b'0', 'apollo', '2020-05-18 18:05:51', NULL, '2020-05-18 18:05:51');
INSERT INTO `Audit` VALUES (295, 'Item', 211, 'UPDATE', NULL, b'0', 'apollo', '2020-05-18 19:21:14', NULL, '2020-05-18 19:21:14');
INSERT INTO `Audit` VALUES (296, 'ItemSet', NULL, 'UPDATE', NULL, b'0', 'apollo', '2020-05-18 19:21:14', NULL, '2020-05-18 19:21:14');
INSERT INTO `Audit` VALUES (297, 'Release', 19, 'INSERT', NULL, b'0', 'apollo', '2020-05-18 19:21:17', NULL, '2020-05-18 19:21:17');
INSERT INTO `Audit` VALUES (298, 'ReleaseHistory', 19, 'INSERT', NULL, b'0', 'apollo', '2020-05-18 19:21:17', NULL, '2020-05-18 19:21:17');

-- ----------------------------
-- Table structure for Cluster
-- ----------------------------
DROP TABLE IF EXISTS `Cluster`;
CREATE TABLE `Cluster`  (
  `Id` int(10) UNSIGNED NOT NULL AUTO_INCREMENT COMMENT '自增主键',
  `Name` varchar(32) CHARACTER SET utf8mb4 COLLATE utf8mb4_general_ci NOT NULL DEFAULT '' COMMENT '集群名字',
  `AppId` varchar(32) CHARACTER SET utf8mb4 COLLATE utf8mb4_general_ci NOT NULL DEFAULT '' COMMENT 'App id',
  `ParentClusterId` int(10) UNSIGNED NOT NULL DEFAULT 0 COMMENT '父cluster',
  `IsDeleted` bit(1) NOT NULL DEFAULT b'0' COMMENT '1: deleted, 0: normal',
  `DataChange_CreatedBy` varchar(32) CHARACTER SET utf8mb4 COLLATE utf8mb4_general_ci NOT NULL DEFAULT '' COMMENT '创建人邮箱前缀',
  `DataChange_CreatedTime` timestamp(0) NOT NULL DEFAULT CURRENT_TIMESTAMP(0) COMMENT '创建时间',
  `DataChange_LastModifiedBy` varchar(32) CHARACTER SET utf8mb4 COLLATE utf8mb4_general_ci NULL DEFAULT '' COMMENT '最后修改人邮箱前缀',
  `DataChange_LastTime` timestamp(0) NULL DEFAULT CURRENT_TIMESTAMP(0) ON UPDATE CURRENT_TIMESTAMP(0) COMMENT '最后修改时间',
  PRIMARY KEY (`Id`) USING BTREE,
  INDEX `IX_AppId_Name`(`AppId`, `Name`) USING BTREE,
  INDEX `IX_ParentClusterId`(`ParentClusterId`) USING BTREE,
  INDEX `DataChange_LastTime`(`DataChange_LastTime`) USING BTREE
) ENGINE = InnoDB AUTO_INCREMENT = 7 CHARACTER SET = utf8mb4 COLLATE = utf8mb4_general_ci COMMENT = '集群' ROW_FORMAT = Dynamic;

-- ----------------------------
-- Records of Cluster
-- ----------------------------
INSERT INTO `Cluster` VALUES (1, 'default', 'SampleApp', 0, b'1', '', '2020-05-15 10:59:43', 'apollo', '2020-05-15 11:09:29');
INSERT INTO `Cluster` VALUES (2, 'default', 'biz-spring-cloud-eureka', 0, b'0', 'apollo', '2020-05-15 11:48:50', 'apollo', '2020-05-15 11:48:50');
INSERT INTO `Cluster` VALUES (3, 'default', 'biz-spring-cloud-gateway', 0, b'0', 'apollo', '2020-05-15 14:18:07', 'apollo', '2020-05-15 14:18:07');
INSERT INTO `Cluster` VALUES (4, 'default', 'service-utility', 0, b'0', 'apollo', '2020-05-15 14:22:26', 'apollo', '2020-05-15 14:22:26');
INSERT INTO `Cluster` VALUES (5, 'default', 'service-order', 0, b'0', 'apollo', '2020-05-15 14:22:50', 'apollo', '2020-05-15 14:22:50');
INSERT INTO `Cluster` VALUES (6, 'default', 'biz-spring-cloud-public', 0, b'0', 'apollo', '2020-05-15 14:25:36', 'apollo', '2020-05-15 14:25:36');

-- ----------------------------
-- Table structure for Commit
-- ----------------------------
DROP TABLE IF EXISTS `Commit`;
CREATE TABLE `Commit`  (
  `Id` int(10) UNSIGNED NOT NULL AUTO_INCREMENT COMMENT '主键',
  `ChangeSets` longtext CHARACTER SET utf8mb4 COLLATE utf8mb4_general_ci NOT NULL COMMENT '修改变更集',
  `AppId` varchar(500) CHARACTER SET utf8mb4 COLLATE utf8mb4_general_ci NOT NULL DEFAULT 'default' COMMENT 'AppID',
  `ClusterName` varchar(500) CHARACTER SET utf8mb4 COLLATE utf8mb4_general_ci NOT NULL DEFAULT 'default' COMMENT 'ClusterName',
  `NamespaceName` varchar(500) CHARACTER SET utf8mb4 COLLATE utf8mb4_general_ci NOT NULL DEFAULT 'default' COMMENT 'namespaceName',
  `Comment` varchar(500) CHARACTER SET utf8mb4 COLLATE utf8mb4_general_ci NULL DEFAULT NULL COMMENT '备注',
  `IsDeleted` bit(1) NOT NULL DEFAULT b'0' COMMENT '1: deleted, 0: normal',
  `DataChange_CreatedBy` varchar(32) CHARACTER SET utf8mb4 COLLATE utf8mb4_general_ci NOT NULL DEFAULT 'default' COMMENT '创建人邮箱前缀',
  `DataChange_CreatedTime` timestamp(0) NOT NULL DEFAULT CURRENT_TIMESTAMP(0) COMMENT '创建时间',
  `DataChange_LastModifiedBy` varchar(32) CHARACTER SET utf8mb4 COLLATE utf8mb4_general_ci NULL DEFAULT '' COMMENT '最后修改人邮箱前缀',
  `DataChange_LastTime` timestamp(0) NULL DEFAULT CURRENT_TIMESTAMP(0) ON UPDATE CURRENT_TIMESTAMP(0) COMMENT '最后修改时间',
  PRIMARY KEY (`Id`) USING BTREE,
  INDEX `DataChange_LastTime`(`DataChange_LastTime`) USING BTREE,
  INDEX `AppId`(`AppId`(191)) USING BTREE,
  INDEX `ClusterName`(`ClusterName`(191)) USING BTREE,
  INDEX `NamespaceName`(`NamespaceName`(191)) USING BTREE
) ENGINE = InnoDB AUTO_INCREMENT = 21 CHARACTER SET = utf8mb4 COLLATE = utf8mb4_general_ci COMMENT = 'commit 历史表' ROW_FORMAT = Dynamic;

-- ----------------------------
-- Records of Commit
-- ----------------------------
INSERT INTO `Commit` VALUES (1, '{\"createItems\":[{\"namespaceId\":2,\"key\":\"spring.security.user.name\",\"value\":\"admin\",\"comment\":\"\",\"lineNum\":2,\"id\":3,\"isDeleted\":false,\"dataChangeCreatedBy\":\"apollo\",\"dataChangeCreatedTime\":\"2020-05-15 11:49:27\",\"dataChangeLastModifiedBy\":\"apollo\",\"dataChangeLastModifiedTime\":\"2020-05-15 11:49:27\"},{\"namespaceId\":2,\"key\":\"spring.security.user.password\",\"value\":\"123456\",\"comment\":\"\",\"lineNum\":3,\"id\":4,\"isDeleted\":false,\"dataChangeCreatedBy\":\"apollo\",\"dataChangeCreatedTime\":\"2020-05-15 11:49:27\",\"dataChangeLastModifiedBy\":\"apollo\",\"dataChangeLastModifiedTime\":\"2020-05-15 11:49:27\"},{\"namespaceId\":2,\"key\":\"eureka.client.register-with-eureka\",\"value\":\"true\",\"comment\":\"\",\"lineNum\":6,\"id\":7,\"isDeleted\":false,\"dataChangeCreatedBy\":\"apollo\",\"dataChangeCreatedTime\":\"2020-05-15 11:49:27\",\"dataChangeLastModifiedBy\":\"apollo\",\"dataChangeLastModifiedTime\":\"2020-05-15 11:49:27\"},{\"namespaceId\":2,\"key\":\"eureka.client.fetch-registry\",\"value\":\"true\",\"comment\":\"\",\"lineNum\":8,\"id\":9,\"isDeleted\":false,\"dataChangeCreatedBy\":\"apollo\",\"dataChangeCreatedTime\":\"2020-05-15 11:49:27\",\"dataChangeLastModifiedBy\":\"apollo\",\"dataChangeLastModifiedTime\":\"2020-05-15 11:49:27\"},{\"namespaceId\":2,\"key\":\"eureka.client.healthcheck.enabled\",\"value\":\"true\",\"comment\":\"\",\"lineNum\":10,\"id\":11,\"isDeleted\":false,\"dataChangeCreatedBy\":\"apollo\",\"dataChangeCreatedTime\":\"2020-05-15 11:49:27\",\"dataChangeLastModifiedBy\":\"apollo\",\"dataChangeLastModifiedTime\":\"2020-05-15 11:49:27\"},{\"namespaceId\":2,\"key\":\"eureka.client.registryFetchIntervalSeconds\",\"value\":\"30\",\"comment\":\"\",\"lineNum\":14,\"id\":15,\"isDeleted\":false,\"dataChangeCreatedBy\":\"apollo\",\"dataChangeCreatedTime\":\"2020-05-15 11:49:27\",\"dataChangeLastModifiedBy\":\"apollo\",\"dataChangeLastModifiedTime\":\"2020-05-15 11:49:27\"},{\"namespaceId\":2,\"key\":\"eureka.instance.prefer-ip-address\",\"value\":\"true\",\"comment\":\"\",\"lineNum\":16,\"id\":17,\"isDeleted\":false,\"dataChangeCreatedBy\":\"apollo\",\"dataChangeCreatedTime\":\"2020-05-15 11:49:27\",\"dataChangeLastModifiedBy\":\"apollo\",\"dataChangeLastModifiedTime\":\"2020-05-15 11:49:27\"},{\"namespaceId\":2,\"key\":\"eureka.instance.lease-renewal-interval-in-seconds\",\"value\":\"30\",\"comment\":\"\",\"lineNum\":18,\"id\":19,\"isDeleted\":false,\"dataChangeCreatedBy\":\"apollo\",\"dataChangeCreatedTime\":\"2020-05-15 11:49:27\",\"dataChangeLastModifiedBy\":\"apollo\",\"dataChangeLastModifiedTime\":\"2020-05-15 11:49:27\"},{\"namespaceId\":2,\"key\":\"eureka.instance.lease-expiration-duration-in-seconds\",\"value\":\"90\",\"comment\":\"\",\"lineNum\":20,\"id\":21,\"isDeleted\":false,\"dataChangeCreatedBy\":\"apollo\",\"dataChangeCreatedTime\":\"2020-05-15 11:49:27\",\"dataChangeLastModifiedBy\":\"apollo\",\"dataChangeLastModifiedTime\":\"2020-05-15 11:49:27\"},{\"namespaceId\":2,\"key\":\"eureka.server.enable-self-preservation\",\"value\":\"false\",\"comment\":\"\",\"lineNum\":24,\"id\":25,\"isDeleted\":false,\"dataChangeCreatedBy\":\"apollo\",\"dataChangeCreatedTime\":\"2020-05-15 11:49:27\",\"dataChangeLastModifiedBy\":\"apollo\",\"dataChangeLastModifiedTime\":\"2020-05-15 11:49:27\"},{\"namespaceId\":2,\"key\":\"eureka.server.renewal-percent-threshold\",\"value\":\"0.85\",\"comment\":\"\",\"lineNum\":26,\"id\":27,\"isDeleted\":false,\"dataChangeCreatedBy\":\"apollo\",\"dataChangeCreatedTime\":\"2020-05-15 11:49:27\",\"dataChangeLastModifiedBy\":\"apollo\",\"dataChangeLastModifiedTime\":\"2020-05-15 11:49:27\"},{\"namespaceId\":2,\"key\":\"eureka.server.wait-time-in-ms-when-sync-empty\",\"value\":\"0\",\"comment\":\"\",\"lineNum\":28,\"id\":29,\"isDeleted\":false,\"dataChangeCreatedBy\":\"apollo\",\"dataChangeCreatedTime\":\"2020-05-15 11:49:27\",\"dataChangeLastModifiedBy\":\"apollo\",\"dataChangeLastModifiedTime\":\"2020-05-15 11:49:27\"},{\"namespaceId\":2,\"key\":\"eureka.server.eviction-interval-timer-in-ms\",\"value\":\"30000\",\"comment\":\"\",\"lineNum\":30,\"id\":31,\"isDeleted\":false,\"dataChangeCreatedBy\":\"apollo\",\"dataChangeCreatedTime\":\"2020-05-15 11:49:27\",\"dataChangeLastModifiedBy\":\"apollo\",\"dataChangeLastModifiedTime\":\"2020-05-15 11:49:27\"},{\"namespaceId\":2,\"key\":\"eureka.server.use-read-only-response-cache\",\"value\":\"false\",\"comment\":\"\",\"lineNum\":32,\"id\":33,\"isDeleted\":false,\"dataChangeCreatedBy\":\"apollo\",\"dataChangeCreatedTime\":\"2020-05-15 11:49:27\",\"dataChangeLastModifiedBy\":\"apollo\",\"dataChangeLastModifiedTime\":\"2020-05-15 11:49:27\"},{\"namespaceId\":2,\"key\":\"eureka.server.response-cache-auto-expiration-in-seconds\",\"value\":\"60\",\"comment\":\"\",\"lineNum\":34,\"id\":35,\"isDeleted\":false,\"dataChangeCreatedBy\":\"apollo\",\"dataChangeCreatedTime\":\"2020-05-15 11:49:27\",\"dataChangeLastModifiedBy\":\"apollo\",\"dataChangeLastModifiedTime\":\"2020-05-15 11:49:27\"},{\"namespaceId\":2,\"key\":\"management.endpoint.shutdown.enabled\",\"value\":\"true\",\"comment\":\"\",\"lineNum\":36,\"id\":37,\"isDeleted\":false,\"dataChangeCreatedBy\":\"apollo\",\"dataChangeCreatedTime\":\"2020-05-15 11:49:27\",\"dataChangeLastModifiedBy\":\"apollo\",\"dataChangeLastModifiedTime\":\"2020-05-15 11:49:27\"},{\"namespaceId\":2,\"key\":\"management.endpoints.web.exposure.include\",\"value\":\"*\",\"comment\":\"\",\"lineNum\":37,\"id\":38,\"isDeleted\":false,\"dataChangeCreatedBy\":\"apollo\",\"dataChangeCreatedTime\":\"2020-05-15 11:49:27\",\"dataChangeLastModifiedBy\":\"apollo\",\"dataChangeLastModifiedTime\":\"2020-05-15 11:49:27\"},{\"namespaceId\":2,\"key\":\"management.endpoint.health.show-details\",\"value\":\"always\",\"comment\":\"\",\"lineNum\":38,\"id\":39,\"isDeleted\":false,\"dataChangeCreatedBy\":\"apollo\",\"dataChangeCreatedTime\":\"2020-05-15 11:49:27\",\"dataChangeLastModifiedBy\":\"apollo\",\"dataChangeLastModifiedTime\":\"2020-05-15 11:49:27\"},{\"namespaceId\":2,\"key\":\"spring.rabbitmq.host\",\"value\":\"localhost\",\"comment\":\"\",\"lineNum\":40,\"id\":41,\"isDeleted\":false,\"dataChangeCreatedBy\":\"apollo\",\"dataChangeCreatedTime\":\"2020-05-15 11:49:27\",\"dataChangeLastModifiedBy\":\"apollo\",\"dataChangeLastModifiedTime\":\"2020-05-15 11:49:27\"},{\"namespaceId\":2,\"key\":\"spring.rabbitmq.port\",\"value\":\"5672\",\"comment\":\"\",\"lineNum\":41,\"id\":42,\"isDeleted\":false,\"dataChangeCreatedBy\":\"apollo\",\"dataChangeCreatedTime\":\"2020-05-15 11:49:27\",\"dataChangeLastModifiedBy\":\"apollo\",\"dataChangeLastModifiedTime\":\"2020-05-15 11:49:27\"},{\"namespaceId\":2,\"key\":\"spring.rabbitmq.username\",\"value\":\"waynechu\",\"comment\":\"\",\"lineNum\":42,\"id\":43,\"isDeleted\":false,\"dataChangeCreatedBy\":\"apollo\",\"dataChangeCreatedTime\":\"2020-05-15 11:49:27\",\"dataChangeLastModifiedBy\":\"apollo\",\"dataChangeLastModifiedTime\":\"2020-05-15 11:49:27\"},{\"namespaceId\":2,\"key\":\"spring.rabbitmq.password\",\"value\":\"123456\",\"comment\":\"\",\"lineNum\":43,\"id\":44,\"isDeleted\":false,\"dataChangeCreatedBy\":\"apollo\",\"dataChangeCreatedTime\":\"2020-05-15 11:49:27\",\"dataChangeLastModifiedBy\":\"apollo\",\"dataChangeLastModifiedTime\":\"2020-05-15 11:49:27\"},{\"namespaceId\":2,\"key\":\"spring.rabbitmq.virtual-host\",\"value\":\"/dev\",\"comment\":\"\",\"lineNum\":44,\"id\":45,\"isDeleted\":false,\"dataChangeCreatedBy\":\"apollo\",\"dataChangeCreatedTime\":\"2020-05-15 11:49:27\",\"dataChangeLastModifiedBy\":\"apollo\",\"dataChangeLastModifiedTime\":\"2020-05-15 11:49:27\"},{\"namespaceId\":2,\"key\":\"spring.rabbitmq.publisher-confirm-type\",\"value\":\"correlated\",\"comment\":\"\",\"lineNum\":45,\"id\":46,\"isDeleted\":false,\"dataChangeCreatedBy\":\"apollo\",\"dataChangeCreatedTime\":\"2020-05-15 11:49:27\",\"dataChangeLastModifiedBy\":\"apollo\",\"dataChangeLastModifiedTime\":\"2020-05-15 11:49:27\"},{\"namespaceId\":2,\"key\":\"spring.rabbitmq.publisher-returns\",\"value\":\"true\",\"comment\":\"\",\"lineNum\":46,\"id\":47,\"isDeleted\":false,\"dataChangeCreatedBy\":\"apollo\",\"dataChangeCreatedTime\":\"2020-05-15 11:49:27\",\"dataChangeLastModifiedBy\":\"apollo\",\"dataChangeLastModifiedTime\":\"2020-05-15 11:49:27\"},{\"namespaceId\":2,\"key\":\"spring.rabbitmq.template.mandatory\",\"value\":\"true\",\"comment\":\"\",\"lineNum\":47,\"id\":48,\"isDeleted\":false,\"dataChangeCreatedBy\":\"apollo\",\"dataChangeCreatedTime\":\"2020-05-15 11:49:27\",\"dataChangeLastModifiedBy\":\"apollo\",\"dataChangeLastModifiedTime\":\"2020-05-15 11:49:27\"},{\"namespaceId\":2,\"key\":\"elk.rabbitmq.enable\",\"value\":\"false\",\"comment\":\"\",\"lineNum\":49,\"id\":50,\"isDeleted\":false,\"dataChangeCreatedBy\":\"apollo\",\"dataChangeCreatedTime\":\"2020-05-15 11:49:27\",\"dataChangeLastModifiedBy\":\"apollo\",\"dataChangeLastModifiedTime\":\"2020-05-15 11:49:27\"},{\"namespaceId\":2,\"key\":\"elk.rabbitmq.host\",\"value\":\"${spring.rabbitmq.host}\",\"comment\":\"\",\"lineNum\":50,\"id\":51,\"isDeleted\":false,\"dataChangeCreatedBy\":\"apollo\",\"dataChangeCreatedTime\":\"2020-05-15 11:49:27\",\"dataChangeLastModifiedBy\":\"apollo\",\"dataChangeLastModifiedTime\":\"2020-05-15 11:49:27\"},{\"namespaceId\":2,\"key\":\"elk.rabbitmq.port\",\"value\":\"${spring.rabbitmq.port}\",\"comment\":\"\",\"lineNum\":51,\"id\":52,\"isDeleted\":false,\"dataChangeCreatedBy\":\"apollo\",\"dataChangeCreatedTime\":\"2020-05-15 11:49:27\",\"dataChangeLastModifiedBy\":\"apollo\",\"dataChangeLastModifiedTime\":\"2020-05-15 11:49:27\"},{\"namespaceId\":2,\"key\":\"elk.rabbitmq.username\",\"value\":\"${spring.rabbitmq.username}\",\"comment\":\"\",\"lineNum\":52,\"id\":53,\"isDeleted\":false,\"dataChangeCreatedBy\":\"apollo\",\"dataChangeCreatedTime\":\"2020-05-15 11:49:27\",\"dataChangeLastModifiedBy\":\"apollo\",\"dataChangeLastModifiedTime\":\"2020-05-15 11:49:27\"},{\"namespaceId\":2,\"key\":\"elk.rabbitmq.password\",\"value\":\"${spring.rabbitmq.password}\",\"comment\":\"\",\"lineNum\":53,\"id\":54,\"isDeleted\":false,\"dataChangeCreatedBy\":\"apollo\",\"dataChangeCreatedTime\":\"2020-05-15 11:49:27\",\"dataChangeLastModifiedBy\":\"apollo\",\"dataChangeLastModifiedTime\":\"2020-05-15 11:49:27\"},{\"namespaceId\":2,\"key\":\"elk.rabbitmq.application-id\",\"value\":\"${spring.application.name}\",\"comment\":\"\",\"lineNum\":54,\"id\":55,\"isDeleted\":false,\"dataChangeCreatedBy\":\"apollo\",\"dataChangeCreatedTime\":\"2020-05-15 11:49:27\",\"dataChangeLastModifiedBy\":\"apollo\",\"dataChangeLastModifiedTime\":\"2020-05-15 11:49:27\"},{\"namespaceId\":2,\"key\":\"elk.rabbitmq.virtual-host\",\"value\":\"/logback\",\"comment\":\"\",\"lineNum\":55,\"id\":56,\"isDeleted\":false,\"dataChangeCreatedBy\":\"apollo\",\"dataChangeCreatedTime\":\"2020-05-15 11:49:27\",\"dataChangeLastModifiedBy\":\"apollo\",\"dataChangeLastModifiedTime\":\"2020-05-15 11:49:27\"},{\"namespaceId\":2,\"key\":\"elk.rabbitmq.exchange\",\"value\":\"topic.loggingExchange\",\"comment\":\"\",\"lineNum\":56,\"id\":57,\"isDeleted\":false,\"dataChangeCreatedBy\":\"apollo\",\"dataChangeCreatedTime\":\"2020-05-15 11:49:27\",\"dataChangeLastModifiedBy\":\"apollo\",\"dataChangeLastModifiedTime\":\"2020-05-15 11:49:27\"},{\"namespaceId\":2,\"key\":\"elk.rabbitmq.routing-key\",\"value\":\"logback.#\",\"comment\":\"\",\"lineNum\":57,\"id\":58,\"isDeleted\":false,\"dataChangeCreatedBy\":\"apollo\",\"dataChangeCreatedTime\":\"2020-05-15 11:49:27\",\"dataChangeLastModifiedBy\":\"apollo\",\"dataChangeLastModifiedTime\":\"2020-05-15 11:49:27\"},{\"namespaceId\":2,\"key\":\"elk.rabbitmq.connection-name\",\"value\":\"biz|${spring.application.name}\",\"comment\":\"\",\"lineNum\":58,\"id\":59,\"isDeleted\":false,\"dataChangeCreatedBy\":\"apollo\",\"dataChangeCreatedTime\":\"2020-05-15 11:49:27\",\"dataChangeLastModifiedBy\":\"apollo\",\"dataChangeLastModifiedTime\":\"2020-05-15 11:49:27\"},{\"namespaceId\":2,\"key\":\"sentry.enable\",\"value\":\"true\",\"comment\":\"\",\"lineNum\":65,\"id\":66,\"isDeleted\":false,\"dataChangeCreatedBy\":\"apollo\",\"dataChangeCreatedTime\":\"2020-05-15 11:49:27\",\"dataChangeLastModifiedBy\":\"apollo\",\"dataChangeLastModifiedTime\":\"2020-05-15 11:49:27\"},{\"namespaceId\":2,\"key\":\"sentry.dsn\",\"value\":\"http://a1c395c85d244742ae2a50b90f1535b8@localhost:9000/2\",\"comment\":\"\",\"lineNum\":66,\"id\":67,\"isDeleted\":false,\"dataChangeCreatedBy\":\"apollo\",\"dataChangeCreatedTime\":\"2020-05-15 11:49:27\",\"dataChangeLastModifiedBy\":\"apollo\",\"dataChangeLastModifiedTime\":\"2020-05-15 11:49:27\"},{\"namespaceId\":2,\"key\":\"sentry.stacktrace-app-packages\",\"value\":\"\",\"comment\":\"\",\"lineNum\":67,\"id\":68,\"isDeleted\":false,\"dataChangeCreatedBy\":\"apollo\",\"dataChangeCreatedTime\":\"2020-05-15 11:49:27\",\"dataChangeLastModifiedBy\":\"apollo\",\"dataChangeLastModifiedTime\":\"2020-05-15 11:49:27\"}],\"updateItems\":[],\"deleteItems\":[]}', 'biz-spring-cloud-eureka', 'default', 'application', NULL, b'0', 'apollo', '2020-05-15 11:49:27', 'apollo', '2020-05-15 11:49:27');
INSERT INTO `Commit` VALUES (2, '{\"createItems\":[],\"updateItems\":[{\"oldItem\":{\"namespaceId\":2,\"key\":\"spring.security.user.password\",\"value\":\"123456\",\"comment\":\"\",\"lineNum\":3,\"id\":4,\"isDeleted\":false,\"dataChangeCreatedBy\":\"apollo\",\"dataChangeCreatedTime\":\"2020-05-15 11:49:27\",\"dataChangeLastModifiedBy\":\"apollo\",\"dataChangeLastModifiedTime\":\"2020-05-15 11:49:27\"},\"newItem\":{\"namespaceId\":2,\"key\":\"spring.security.user.password\",\"value\":\"12345678\",\"comment\":\"\",\"lineNum\":3,\"id\":4,\"isDeleted\":false,\"dataChangeCreatedBy\":\"apollo\",\"dataChangeCreatedTime\":\"2020-05-15 11:49:27\",\"dataChangeLastModifiedBy\":\"apollo\",\"dataChangeLastModifiedTime\":\"2020-05-15 11:52:27\"}}],\"deleteItems\":[]}', 'biz-spring-cloud-eureka', 'default', 'application', NULL, b'0', 'apollo', '2020-05-15 11:52:27', 'apollo', '2020-05-15 11:52:27');
INSERT INTO `Commit` VALUES (3, '{\"createItems\":[{\"namespaceId\":7,\"key\":\"eureka.instance.prefer-ip-address\",\"value\":\"true\",\"comment\":\"\",\"lineNum\":2,\"id\":70,\"isDeleted\":false,\"dataChangeCreatedBy\":\"apollo\",\"dataChangeCreatedTime\":\"2020-05-15 14:44:46\",\"dataChangeLastModifiedBy\":\"apollo\",\"dataChangeLastModifiedTime\":\"2020-05-15 14:44:46\"},{\"namespaceId\":7,\"key\":\"eureka.instance.lease-renewal-interval-in-seconds\",\"value\":\"30\",\"comment\":\"\",\"lineNum\":3,\"id\":71,\"isDeleted\":false,\"dataChangeCreatedBy\":\"apollo\",\"dataChangeCreatedTime\":\"2020-05-15 14:44:46\",\"dataChangeLastModifiedBy\":\"apollo\",\"dataChangeLastModifiedTime\":\"2020-05-15 14:44:46\"},{\"namespaceId\":7,\"key\":\"eureka.instance.lease-expiration-duration-in-seconds\",\"value\":\"90\",\"comment\":\"\",\"lineNum\":4,\"id\":72,\"isDeleted\":false,\"dataChangeCreatedBy\":\"apollo\",\"dataChangeCreatedTime\":\"2020-05-15 14:44:46\",\"dataChangeLastModifiedBy\":\"apollo\",\"dataChangeLastModifiedTime\":\"2020-05-15 14:44:46\"},{\"namespaceId\":7,\"key\":\"eureka.instance.metadata-map.startup\",\"value\":\"${random.int}\",\"comment\":\"\",\"lineNum\":5,\"id\":73,\"isDeleted\":false,\"dataChangeCreatedBy\":\"apollo\",\"dataChangeCreatedTime\":\"2020-05-15 14:44:46\",\"dataChangeLastModifiedBy\":\"apollo\",\"dataChangeLastModifiedTime\":\"2020-05-15 14:44:46\"},{\"namespaceId\":7,\"key\":\"eureka.client.register-with-eureka\",\"value\":\"true\",\"comment\":\"\",\"lineNum\":6,\"id\":74,\"isDeleted\":false,\"dataChangeCreatedBy\":\"apollo\",\"dataChangeCreatedTime\":\"2020-05-15 14:44:46\",\"dataChangeLastModifiedBy\":\"apollo\",\"dataChangeLastModifiedTime\":\"2020-05-15 14:44:46\"},{\"namespaceId\":7,\"key\":\"eureka.client.fetch-registry\",\"value\":\"true\",\"comment\":\"\",\"lineNum\":7,\"id\":75,\"isDeleted\":false,\"dataChangeCreatedBy\":\"apollo\",\"dataChangeCreatedTime\":\"2020-05-15 14:44:46\",\"dataChangeLastModifiedBy\":\"apollo\",\"dataChangeLastModifiedTime\":\"2020-05-15 14:44:46\"},{\"namespaceId\":7,\"key\":\"eureka.client.healthcheck.enabled\",\"value\":\"true\",\"comment\":\"\",\"lineNum\":8,\"id\":76,\"isDeleted\":false,\"dataChangeCreatedBy\":\"apollo\",\"dataChangeCreatedTime\":\"2020-05-15 14:44:46\",\"dataChangeLastModifiedBy\":\"apollo\",\"dataChangeLastModifiedTime\":\"2020-05-15 14:44:46\"},{\"namespaceId\":7,\"key\":\"eureka.client.service-url.defaultZone\",\"value\":\"http://admin:123456@localhost:9001/eureka/,http://admin:123456@localhost:9002/eureka/\",\"comment\":\"\",\"lineNum\":9,\"id\":77,\"isDeleted\":false,\"dataChangeCreatedBy\":\"apollo\",\"dataChangeCreatedTime\":\"2020-05-15 14:44:46\",\"dataChangeLastModifiedBy\":\"apollo\",\"dataChangeLastModifiedTime\":\"2020-05-15 14:44:46\"},{\"namespaceId\":7,\"key\":\"eureka.client.registry-fetch-interval-seconds\",\"value\":\"5\",\"comment\":\"\",\"lineNum\":10,\"id\":78,\"isDeleted\":false,\"dataChangeCreatedBy\":\"apollo\",\"dataChangeCreatedTime\":\"2020-05-15 14:44:46\",\"dataChangeLastModifiedBy\":\"apollo\",\"dataChangeLastModifiedTime\":\"2020-05-15 14:44:46\"},{\"namespaceId\":7,\"key\":\"feign.compression.request.enabled\",\"value\":\"true\",\"comment\":\"\",\"lineNum\":12,\"id\":80,\"isDeleted\":false,\"dataChangeCreatedBy\":\"apollo\",\"dataChangeCreatedTime\":\"2020-05-15 14:44:46\",\"dataChangeLastModifiedBy\":\"apollo\",\"dataChangeLastModifiedTime\":\"2020-05-15 14:44:46\"},{\"namespaceId\":7,\"key\":\"feign.compression.response.enabled\",\"value\":\"true\",\"comment\":\"\",\"lineNum\":13,\"id\":81,\"isDeleted\":false,\"dataChangeCreatedBy\":\"apollo\",\"dataChangeCreatedTime\":\"2020-05-15 14:44:46\",\"dataChangeLastModifiedBy\":\"apollo\",\"dataChangeLastModifiedTime\":\"2020-05-15 14:44:46\"},{\"namespaceId\":7,\"key\":\"feign.compression.request.mime-types\",\"value\":\"text/xml,application/xml,application/json\",\"comment\":\"\",\"lineNum\":14,\"id\":82,\"isDeleted\":false,\"dataChangeCreatedBy\":\"apollo\",\"dataChangeCreatedTime\":\"2020-05-15 14:44:46\",\"dataChangeLastModifiedBy\":\"apollo\",\"dataChangeLastModifiedTime\":\"2020-05-15 14:44:46\"},{\"namespaceId\":7,\"key\":\"feign.compression.request.min-request-size\",\"value\":\"2048\",\"comment\":\"\",\"lineNum\":15,\"id\":83,\"isDeleted\":false,\"dataChangeCreatedBy\":\"apollo\",\"dataChangeCreatedTime\":\"2020-05-15 14:44:46\",\"dataChangeLastModifiedBy\":\"apollo\",\"dataChangeLastModifiedTime\":\"2020-05-15 14:44:46\"},{\"namespaceId\":7,\"key\":\"feign.client.config.github-client.loggerLevel\",\"value\":\"full\",\"comment\":\"\",\"lineNum\":16,\"id\":84,\"isDeleted\":false,\"dataChangeCreatedBy\":\"apollo\",\"dataChangeCreatedTime\":\"2020-05-15 14:44:46\",\"dataChangeLastModifiedBy\":\"apollo\",\"dataChangeLastModifiedTime\":\"2020-05-15 14:44:46\"},{\"namespaceId\":7,\"key\":\"feign.client.config.github-client.connectTimeout\",\"value\":\"5000\",\"comment\":\"\",\"lineNum\":17,\"id\":85,\"isDeleted\":false,\"dataChangeCreatedBy\":\"apollo\",\"dataChangeCreatedTime\":\"2020-05-15 14:44:46\",\"dataChangeLastModifiedBy\":\"apollo\",\"dataChangeLastModifiedTime\":\"2020-05-15 14:44:46\"},{\"namespaceId\":7,\"key\":\"feign.client.config.github-client.readTimeout\",\"value\":\"5000\",\"comment\":\"\",\"lineNum\":18,\"id\":86,\"isDeleted\":false,\"dataChangeCreatedBy\":\"apollo\",\"dataChangeCreatedTime\":\"2020-05-15 14:44:46\",\"dataChangeLastModifiedBy\":\"apollo\",\"dataChangeLastModifiedTime\":\"2020-05-15 14:44:46\"},{\"namespaceId\":7,\"key\":\"feign.hystrix.enabled\",\"value\":\"true\",\"comment\":\"\",\"lineNum\":19,\"id\":87,\"isDeleted\":false,\"dataChangeCreatedBy\":\"apollo\",\"dataChangeCreatedTime\":\"2020-05-15 14:44:46\",\"dataChangeLastModifiedBy\":\"apollo\",\"dataChangeLastModifiedTime\":\"2020-05-15 14:44:46\"},{\"namespaceId\":7,\"key\":\"hystrix.command.default.execution.isolation.strategy\",\"value\":\"SEMAPHORE\",\"comment\":\"\",\"lineNum\":21,\"id\":89,\"isDeleted\":false,\"dataChangeCreatedBy\":\"apollo\",\"dataChangeCreatedTime\":\"2020-05-15 14:44:46\",\"dataChangeLastModifiedBy\":\"apollo\",\"dataChangeLastModifiedTime\":\"2020-05-15 14:44:46\"},{\"namespaceId\":7,\"key\":\"hystrix.command.default.execution.isolation.thread.timeoutInMilliseconds\",\"value\":\"30000\",\"comment\":\"\",\"lineNum\":22,\"id\":90,\"isDeleted\":false,\"dataChangeCreatedBy\":\"apollo\",\"dataChangeCreatedTime\":\"2020-05-15 14:44:46\",\"dataChangeLastModifiedBy\":\"apollo\",\"dataChangeLastModifiedTime\":\"2020-05-15 14:44:46\"},{\"namespaceId\":7,\"key\":\"hystrix.command.default.execution.isolation.semaphore.maxConcurrentRequests\",\"value\":\"1000\",\"comment\":\"\",\"lineNum\":23,\"id\":91,\"isDeleted\":false,\"dataChangeCreatedBy\":\"apollo\",\"dataChangeCreatedTime\":\"2020-05-15 14:44:46\",\"dataChangeLastModifiedBy\":\"apollo\",\"dataChangeLastModifiedTime\":\"2020-05-15 14:44:46\"},{\"namespaceId\":7,\"key\":\"hystrix.command.default.fallback.isolation.semaphore.maxConcurrentRequests\",\"value\":\"500\",\"comment\":\"\",\"lineNum\":24,\"id\":92,\"isDeleted\":false,\"dataChangeCreatedBy\":\"apollo\",\"dataChangeCreatedTime\":\"2020-05-15 14:44:46\",\"dataChangeLastModifiedBy\":\"apollo\",\"dataChangeLastModifiedTime\":\"2020-05-15 14:44:46\"},{\"namespaceId\":7,\"key\":\"hystrix.command.default.circuitBreaker.requestVolumeThreshold\",\"value\":\"1000\",\"comment\":\"\",\"lineNum\":25,\"id\":93,\"isDeleted\":false,\"dataChangeCreatedBy\":\"apollo\",\"dataChangeCreatedTime\":\"2020-05-15 14:44:46\",\"dataChangeLastModifiedBy\":\"apollo\",\"dataChangeLastModifiedTime\":\"2020-05-15 14:44:46\"},{\"namespaceId\":7,\"key\":\"hystrix.threadpool.default.coreSize\",\"value\":\"500\",\"comment\":\"\",\"lineNum\":26,\"id\":94,\"isDeleted\":false,\"dataChangeCreatedBy\":\"apollo\",\"dataChangeCreatedTime\":\"2020-05-15 14:44:46\",\"dataChangeLastModifiedBy\":\"apollo\",\"dataChangeLastModifiedTime\":\"2020-05-15 14:44:46\"},{\"namespaceId\":7,\"key\":\"hystrix.threadpool.default.maxQueueSize\",\"value\":\"1000\",\"comment\":\"\",\"lineNum\":27,\"id\":95,\"isDeleted\":false,\"dataChangeCreatedBy\":\"apollo\",\"dataChangeCreatedTime\":\"2020-05-15 14:44:46\",\"dataChangeLastModifiedBy\":\"apollo\",\"dataChangeLastModifiedTime\":\"2020-05-15 14:44:46\"},{\"namespaceId\":7,\"key\":\"hystrix.threadpool.default.queueSizeRejectionThreshold\",\"value\":\"1000\",\"comment\":\"\",\"lineNum\":28,\"id\":96,\"isDeleted\":false,\"dataChangeCreatedBy\":\"apollo\",\"dataChangeCreatedTime\":\"2020-05-15 14:44:46\",\"dataChangeLastModifiedBy\":\"apollo\",\"dataChangeLastModifiedTime\":\"2020-05-15 14:44:46\"},{\"namespaceId\":7,\"key\":\"hystrix.threadpool.default.keepAliveTimeMinutes\",\"value\":\"1\",\"comment\":\"\",\"lineNum\":29,\"id\":97,\"isDeleted\":false,\"dataChangeCreatedBy\":\"apollo\",\"dataChangeCreatedTime\":\"2020-05-15 14:44:46\",\"dataChangeLastModifiedBy\":\"apollo\",\"dataChangeLastModifiedTime\":\"2020-05-15 14:44:46\"},{\"namespaceId\":7,\"key\":\"ribbon.ConnectTimeout\",\"value\":\"5000\",\"comment\":\"\",\"lineNum\":31,\"id\":99,\"isDeleted\":false,\"dataChangeCreatedBy\":\"apollo\",\"dataChangeCreatedTime\":\"2020-05-15 14:44:46\",\"dataChangeLastModifiedBy\":\"apollo\",\"dataChangeLastModifiedTime\":\"2020-05-15 14:44:46\"},{\"namespaceId\":7,\"key\":\"ribbon.ReadTimeout\",\"value\":\"10000\",\"comment\":\"\",\"lineNum\":32,\"id\":100,\"isDeleted\":false,\"dataChangeCreatedBy\":\"apollo\",\"dataChangeCreatedTime\":\"2020-05-15 14:44:46\",\"dataChangeLastModifiedBy\":\"apollo\",\"dataChangeLastModifiedTime\":\"2020-05-15 14:44:46\"},{\"namespaceId\":7,\"key\":\"ribbon.okToRetryOnAllOperations\",\"value\":\"false\",\"comment\":\"\",\"lineNum\":33,\"id\":101,\"isDeleted\":false,\"dataChangeCreatedBy\":\"apollo\",\"dataChangeCreatedTime\":\"2020-05-15 14:44:46\",\"dataChangeLastModifiedBy\":\"apollo\",\"dataChangeLastModifiedTime\":\"2020-05-15 14:44:46\"},{\"namespaceId\":7,\"key\":\"ribbon.retryableStatusCodes\",\"value\":\"404,502\",\"comment\":\"\",\"lineNum\":34,\"id\":102,\"isDeleted\":false,\"dataChangeCreatedBy\":\"apollo\",\"dataChangeCreatedTime\":\"2020-05-15 14:44:46\",\"dataChangeLastModifiedBy\":\"apollo\",\"dataChangeLastModifiedTime\":\"2020-05-15 14:44:46\"},{\"namespaceId\":7,\"key\":\"ribbon.okToRetryOnConnectErrors\",\"value\":\"true\",\"comment\":\"\",\"lineNum\":35,\"id\":103,\"isDeleted\":false,\"dataChangeCreatedBy\":\"apollo\",\"dataChangeCreatedTime\":\"2020-05-15 14:44:46\",\"dataChangeLastModifiedBy\":\"apollo\",\"dataChangeLastModifiedTime\":\"2020-05-15 14:44:46\"},{\"namespaceId\":7,\"key\":\"ribbon.MaxAutoRetries\",\"value\":\"1\",\"comment\":\"\",\"lineNum\":36,\"id\":104,\"isDeleted\":false,\"dataChangeCreatedBy\":\"apollo\",\"dataChangeCreatedTime\":\"2020-05-15 14:44:46\",\"dataChangeLastModifiedBy\":\"apollo\",\"dataChangeLastModifiedTime\":\"2020-05-15 14:44:46\"},{\"namespaceId\":7,\"key\":\"ribbon.MaxAutoRetriesNextServer\",\"value\":\"1\",\"comment\":\"\",\"lineNum\":37,\"id\":105,\"isDeleted\":false,\"dataChangeCreatedBy\":\"apollo\",\"dataChangeCreatedTime\":\"2020-05-15 14:44:46\",\"dataChangeLastModifiedBy\":\"apollo\",\"dataChangeLastModifiedTime\":\"2020-05-15 14:44:46\"},{\"namespaceId\":7,\"key\":\"ribbon.ServerListRefreshInterval\",\"value\":\"3000\",\"comment\":\"\",\"lineNum\":38,\"id\":106,\"isDeleted\":false,\"dataChangeCreatedBy\":\"apollo\",\"dataChangeCreatedTime\":\"2020-05-15 14:44:46\",\"dataChangeLastModifiedBy\":\"apollo\",\"dataChangeLastModifiedTime\":\"2020-05-15 14:44:46\"},{\"namespaceId\":7,\"key\":\"management.endpoint.shutdown.enabled\",\"value\":\"true\",\"comment\":\"\",\"lineNum\":40,\"id\":108,\"isDeleted\":false,\"dataChangeCreatedBy\":\"apollo\",\"dataChangeCreatedTime\":\"2020-05-15 14:44:46\",\"dataChangeLastModifiedBy\":\"apollo\",\"dataChangeLastModifiedTime\":\"2020-05-15 14:44:46\"},{\"namespaceId\":7,\"key\":\"management.endpoints.web.exposure.include\",\"value\":\"*\",\"comment\":\"\",\"lineNum\":41,\"id\":109,\"isDeleted\":false,\"dataChangeCreatedBy\":\"apollo\",\"dataChangeCreatedTime\":\"2020-05-15 14:44:46\",\"dataChangeLastModifiedBy\":\"apollo\",\"dataChangeLastModifiedTime\":\"2020-05-15 14:44:46\"},{\"namespaceId\":7,\"key\":\"management.endpoint.health.show-details\",\"value\":\"always\",\"comment\":\"\",\"lineNum\":42,\"id\":110,\"isDeleted\":false,\"dataChangeCreatedBy\":\"apollo\",\"dataChangeCreatedTime\":\"2020-05-15 14:44:46\",\"dataChangeLastModifiedBy\":\"apollo\",\"dataChangeLastModifiedTime\":\"2020-05-15 14:44:46\"},{\"namespaceId\":7,\"key\":\"spring.rabbitmq.host\",\"value\":\"localhost\",\"comment\":\"\",\"lineNum\":44,\"id\":112,\"isDeleted\":false,\"dataChangeCreatedBy\":\"apollo\",\"dataChangeCreatedTime\":\"2020-05-15 14:44:46\",\"dataChangeLastModifiedBy\":\"apollo\",\"dataChangeLastModifiedTime\":\"2020-05-15 14:44:46\"},{\"namespaceId\":7,\"key\":\"spring.rabbitmq.port\",\"value\":\"5672\",\"comment\":\"\",\"lineNum\":45,\"id\":113,\"isDeleted\":false,\"dataChangeCreatedBy\":\"apollo\",\"dataChangeCreatedTime\":\"2020-05-15 14:44:46\",\"dataChangeLastModifiedBy\":\"apollo\",\"dataChangeLastModifiedTime\":\"2020-05-15 14:44:46\"},{\"namespaceId\":7,\"key\":\"spring.rabbitmq.username\",\"value\":\"waynechu\",\"comment\":\"\",\"lineNum\":46,\"id\":114,\"isDeleted\":false,\"dataChangeCreatedBy\":\"apollo\",\"dataChangeCreatedTime\":\"2020-05-15 14:44:46\",\"dataChangeLastModifiedBy\":\"apollo\",\"dataChangeLastModifiedTime\":\"2020-05-15 14:44:46\"},{\"namespaceId\":7,\"key\":\"spring.rabbitmq.password\",\"value\":\"123456\",\"comment\":\"\",\"lineNum\":47,\"id\":115,\"isDeleted\":false,\"dataChangeCreatedBy\":\"apollo\",\"dataChangeCreatedTime\":\"2020-05-15 14:44:46\",\"dataChangeLastModifiedBy\":\"apollo\",\"dataChangeLastModifiedTime\":\"2020-05-15 14:44:46\"},{\"namespaceId\":7,\"key\":\"spring.rabbitmq.virtual-host\",\"value\":\"/dev\",\"comment\":\"\",\"lineNum\":48,\"id\":116,\"isDeleted\":false,\"dataChangeCreatedBy\":\"apollo\",\"dataChangeCreatedTime\":\"2020-05-15 14:44:46\",\"dataChangeLastModifiedBy\":\"apollo\",\"dataChangeLastModifiedTime\":\"2020-05-15 14:44:46\"},{\"namespaceId\":7,\"key\":\"spring.rabbitmq.publisher-confirm-type\",\"value\":\"correlated\",\"comment\":\"\",\"lineNum\":49,\"id\":117,\"isDeleted\":false,\"dataChangeCreatedBy\":\"apollo\",\"dataChangeCreatedTime\":\"2020-05-15 14:44:46\",\"dataChangeLastModifiedBy\":\"apollo\",\"dataChangeLastModifiedTime\":\"2020-05-15 14:44:46\"},{\"namespaceId\":7,\"key\":\"spring.rabbitmq.publisher-returns\",\"value\":\"true\",\"comment\":\"\",\"lineNum\":50,\"id\":118,\"isDeleted\":false,\"dataChangeCreatedBy\":\"apollo\",\"dataChangeCreatedTime\":\"2020-05-15 14:44:46\",\"dataChangeLastModifiedBy\":\"apollo\",\"dataChangeLastModifiedTime\":\"2020-05-15 14:44:46\"},{\"namespaceId\":7,\"key\":\"spring.rabbitmq.template.mandatory\",\"value\":\"true\",\"comment\":\"\",\"lineNum\":51,\"id\":119,\"isDeleted\":false,\"dataChangeCreatedBy\":\"apollo\",\"dataChangeCreatedTime\":\"2020-05-15 14:44:46\",\"dataChangeLastModifiedBy\":\"apollo\",\"dataChangeLastModifiedTime\":\"2020-05-15 14:44:46\"},{\"namespaceId\":7,\"key\":\"elk.rabbitmq.enable\",\"value\":\"false\",\"comment\":\"\",\"lineNum\":53,\"id\":121,\"isDeleted\":false,\"dataChangeCreatedBy\":\"apollo\",\"dataChangeCreatedTime\":\"2020-05-15 14:44:46\",\"dataChangeLastModifiedBy\":\"apollo\",\"dataChangeLastModifiedTime\":\"2020-05-15 14:44:46\"},{\"namespaceId\":7,\"key\":\"elk.rabbitmq.host\",\"value\":\"${spring.rabbitmq.host}\",\"comment\":\"\",\"lineNum\":54,\"id\":122,\"isDeleted\":false,\"dataChangeCreatedBy\":\"apollo\",\"dataChangeCreatedTime\":\"2020-05-15 14:44:46\",\"dataChangeLastModifiedBy\":\"apollo\",\"dataChangeLastModifiedTime\":\"2020-05-15 14:44:46\"},{\"namespaceId\":7,\"key\":\"elk.rabbitmq.port\",\"value\":\"${spring.rabbitmq.port}\",\"comment\":\"\",\"lineNum\":55,\"id\":123,\"isDeleted\":false,\"dataChangeCreatedBy\":\"apollo\",\"dataChangeCreatedTime\":\"2020-05-15 14:44:46\",\"dataChangeLastModifiedBy\":\"apollo\",\"dataChangeLastModifiedTime\":\"2020-05-15 14:44:46\"},{\"namespaceId\":7,\"key\":\"elk.rabbitmq.username\",\"value\":\"${spring.rabbitmq.username}\",\"comment\":\"\",\"lineNum\":56,\"id\":124,\"isDeleted\":false,\"dataChangeCreatedBy\":\"apollo\",\"dataChangeCreatedTime\":\"2020-05-15 14:44:46\",\"dataChangeLastModifiedBy\":\"apollo\",\"dataChangeLastModifiedTime\":\"2020-05-15 14:44:46\"},{\"namespaceId\":7,\"key\":\"elk.rabbitmq.password\",\"value\":\"${spring.rabbitmq.password}\",\"comment\":\"\",\"lineNum\":57,\"id\":125,\"isDeleted\":false,\"dataChangeCreatedBy\":\"apollo\",\"dataChangeCreatedTime\":\"2020-05-15 14:44:46\",\"dataChangeLastModifiedBy\":\"apollo\",\"dataChangeLastModifiedTime\":\"2020-05-15 14:44:46\"},{\"namespaceId\":7,\"key\":\"elk.rabbitmq.application-id\",\"value\":\"${spring.application.name}\",\"comment\":\"\",\"lineNum\":58,\"id\":126,\"isDeleted\":false,\"dataChangeCreatedBy\":\"apollo\",\"dataChangeCreatedTime\":\"2020-05-15 14:44:46\",\"dataChangeLastModifiedBy\":\"apollo\",\"dataChangeLastModifiedTime\":\"2020-05-15 14:44:46\"},{\"namespaceId\":7,\"key\":\"elk.rabbitmq.virtual-host\",\"value\":\"/logback\",\"comment\":\"\",\"lineNum\":59,\"id\":127,\"isDeleted\":false,\"dataChangeCreatedBy\":\"apollo\",\"dataChangeCreatedTime\":\"2020-05-15 14:44:46\",\"dataChangeLastModifiedBy\":\"apollo\",\"dataChangeLastModifiedTime\":\"2020-05-15 14:44:46\"},{\"namespaceId\":7,\"key\":\"elk.rabbitmq.exchange\",\"value\":\"topic.loggingExchange\",\"comment\":\"\",\"lineNum\":60,\"id\":128,\"isDeleted\":false,\"dataChangeCreatedBy\":\"apollo\",\"dataChangeCreatedTime\":\"2020-05-15 14:44:46\",\"dataChangeLastModifiedBy\":\"apollo\",\"dataChangeLastModifiedTime\":\"2020-05-15 14:44:46\"},{\"namespaceId\":7,\"key\":\"elk.rabbitmq.routing-key\",\"value\":\"logback.#\",\"comment\":\"\",\"lineNum\":61,\"id\":129,\"isDeleted\":false,\"dataChangeCreatedBy\":\"apollo\",\"dataChangeCreatedTime\":\"2020-05-15 14:44:46\",\"dataChangeLastModifiedBy\":\"apollo\",\"dataChangeLastModifiedTime\":\"2020-05-15 14:44:46\"},{\"namespaceId\":7,\"key\":\"elk.rabbitmq.connection-name\",\"value\":\"biz|${spring.application.name}\",\"comment\":\"\",\"lineNum\":62,\"id\":130,\"isDeleted\":false,\"dataChangeCreatedBy\":\"apollo\",\"dataChangeCreatedTime\":\"2020-05-15 14:44:46\",\"dataChangeLastModifiedBy\":\"apollo\",\"dataChangeLastModifiedTime\":\"2020-05-15 14:44:46\"},{\"namespaceId\":7,\"key\":\"spring.redis.database\",\"value\":\"0\",\"comment\":\"\",\"lineNum\":69,\"id\":137,\"isDeleted\":false,\"dataChangeCreatedBy\":\"apollo\",\"dataChangeCreatedTime\":\"2020-05-15 14:44:46\",\"dataChangeLastModifiedBy\":\"apollo\",\"dataChangeLastModifiedTime\":\"2020-05-15 14:44:46\"},{\"namespaceId\":7,\"key\":\"spring.redis.host\",\"value\":\"localhost\",\"comment\":\"\",\"lineNum\":70,\"id\":138,\"isDeleted\":false,\"dataChangeCreatedBy\":\"apollo\",\"dataChangeCreatedTime\":\"2020-05-15 14:44:46\",\"dataChangeLastModifiedBy\":\"apollo\",\"dataChangeLastModifiedTime\":\"2020-05-15 14:44:46\"},{\"namespaceId\":7,\"key\":\"spring.redis.port\",\"value\":\"6379\",\"comment\":\"\",\"lineNum\":71,\"id\":139,\"isDeleted\":false,\"dataChangeCreatedBy\":\"apollo\",\"dataChangeCreatedTime\":\"2020-05-15 14:44:46\",\"dataChangeLastModifiedBy\":\"apollo\",\"dataChangeLastModifiedTime\":\"2020-05-15 14:44:46\"},{\"namespaceId\":7,\"key\":\"spring.redis.password\",\"value\":\"123456\",\"comment\":\"\",\"lineNum\":72,\"id\":140,\"isDeleted\":false,\"dataChangeCreatedBy\":\"apollo\",\"dataChangeCreatedTime\":\"2020-05-15 14:44:46\",\"dataChangeLastModifiedBy\":\"apollo\",\"dataChangeLastModifiedTime\":\"2020-05-15 14:44:46\"},{\"namespaceId\":7,\"key\":\"jetcache.statIntervalMinutes\",\"value\":\"15\",\"comment\":\"\",\"lineNum\":74,\"id\":142,\"isDeleted\":false,\"dataChangeCreatedBy\":\"apollo\",\"dataChangeCreatedTime\":\"2020-05-15 14:44:46\",\"dataChangeLastModifiedBy\":\"apollo\",\"dataChangeLastModifiedTime\":\"2020-05-15 14:44:46\"},{\"namespaceId\":7,\"key\":\"jetcache.areaInCacheName\",\"value\":\"false\",\"comment\":\"\",\"lineNum\":75,\"id\":143,\"isDeleted\":false,\"dataChangeCreatedBy\":\"apollo\",\"dataChangeCreatedTime\":\"2020-05-15 14:44:46\",\"dataChangeLastModifiedBy\":\"apollo\",\"dataChangeLastModifiedTime\":\"2020-05-15 14:44:46\"},{\"namespaceId\":7,\"key\":\"jetcache.local.default.type\",\"value\":\"linkedhashmap\",\"comment\":\"\",\"lineNum\":76,\"id\":144,\"isDeleted\":false,\"dataChangeCreatedBy\":\"apollo\",\"dataChangeCreatedTime\":\"2020-05-15 14:44:46\",\"dataChangeLastModifiedBy\":\"apollo\",\"dataChangeLastModifiedTime\":\"2020-05-15 14:44:46\"},{\"namespaceId\":7,\"key\":\"jetcache.local.default.keyConvertor\",\"value\":\"fastjson\",\"comment\":\"\",\"lineNum\":77,\"id\":145,\"isDeleted\":false,\"dataChangeCreatedBy\":\"apollo\",\"dataChangeCreatedTime\":\"2020-05-15 14:44:46\",\"dataChangeLastModifiedBy\":\"apollo\",\"dataChangeLastModifiedTime\":\"2020-05-15 14:44:46\"},{\"namespaceId\":7,\"key\":\"jetcache.local.default.limit\",\"value\":\"100\",\"comment\":\"\",\"lineNum\":78,\"id\":146,\"isDeleted\":false,\"dataChangeCreatedBy\":\"apollo\",\"dataChangeCreatedTime\":\"2020-05-15 14:44:46\",\"dataChangeLastModifiedBy\":\"apollo\",\"dataChangeLastModifiedTime\":\"2020-05-15 14:44:46\"},{\"namespaceId\":7,\"key\":\"jetcache.remote.default.type\",\"value\":\"redis.lettuce\",\"comment\":\"\",\"lineNum\":79,\"id\":147,\"isDeleted\":false,\"dataChangeCreatedBy\":\"apollo\",\"dataChangeCreatedTime\":\"2020-05-15 14:44:46\",\"dataChangeLastModifiedBy\":\"apollo\",\"dataChangeLastModifiedTime\":\"2020-05-15 14:44:46\"},{\"namespaceId\":7,\"key\":\"jetcache.remote.default.keyPrefix\",\"value\":\"test.waynechu.cn\",\"comment\":\"\",\"lineNum\":80,\"id\":148,\"isDeleted\":false,\"dataChangeCreatedBy\":\"apollo\",\"dataChangeCreatedTime\":\"2020-05-15 14:44:46\",\"dataChangeLastModifiedBy\":\"apollo\",\"dataChangeLastModifiedTime\":\"2020-05-15 14:44:46\"},{\"namespaceId\":7,\"key\":\"jetcache.remote.default.keyConvertor\",\"value\":\"fastjson\",\"comment\":\"\",\"lineNum\":81,\"id\":149,\"isDeleted\":false,\"dataChangeCreatedBy\":\"apollo\",\"dataChangeCreatedTime\":\"2020-05-15 14:44:46\",\"dataChangeLastModifiedBy\":\"apollo\",\"dataChangeLastModifiedTime\":\"2020-05-15 14:44:46\"},{\"namespaceId\":7,\"key\":\"jetcache.remote.default.valueEncoder\",\"value\":\"java\",\"comment\":\"\",\"lineNum\":82,\"id\":150,\"isDeleted\":false,\"dataChangeCreatedBy\":\"apollo\",\"dataChangeCreatedTime\":\"2020-05-15 14:44:46\",\"dataChangeLastModifiedBy\":\"apollo\",\"dataChangeLastModifiedTime\":\"2020-05-15 14:44:46\"},{\"namespaceId\":7,\"key\":\"jetcache.remote.default.valueDecoder\",\"value\":\"java\",\"comment\":\"\",\"lineNum\":83,\"id\":151,\"isDeleted\":false,\"dataChangeCreatedBy\":\"apollo\",\"dataChangeCreatedTime\":\"2020-05-15 14:44:46\",\"dataChangeLastModifiedBy\":\"apollo\",\"dataChangeLastModifiedTime\":\"2020-05-15 14:44:46\"},{\"namespaceId\":7,\"key\":\"jetcache.remote.default.poolConfig.minIdle\",\"value\":\"5\",\"comment\":\"\",\"lineNum\":84,\"id\":152,\"isDeleted\":false,\"dataChangeCreatedBy\":\"apollo\",\"dataChangeCreatedTime\":\"2020-05-15 14:44:46\",\"dataChangeLastModifiedBy\":\"apollo\",\"dataChangeLastModifiedTime\":\"2020-05-15 14:44:46\"},{\"namespaceId\":7,\"key\":\"jetcache.remote.default.poolConfig.maxIdle\",\"value\":\"20\",\"comment\":\"\",\"lineNum\":85,\"id\":153,\"isDeleted\":false,\"dataChangeCreatedBy\":\"apollo\",\"dataChangeCreatedTime\":\"2020-05-15 14:44:46\",\"dataChangeLastModifiedBy\":\"apollo\",\"dataChangeLastModifiedTime\":\"2020-05-15 14:44:46\"},{\"namespaceId\":7,\"key\":\"jetcache.remote.default.poolConfig.maxTotal\",\"value\":\"50\",\"comment\":\"\",\"lineNum\":86,\"id\":154,\"isDeleted\":false,\"dataChangeCreatedBy\":\"apollo\",\"dataChangeCreatedTime\":\"2020-05-15 14:44:46\",\"dataChangeLastModifiedBy\":\"apollo\",\"dataChangeLastModifiedTime\":\"2020-05-15 14:44:46\"},{\"namespaceId\":7,\"key\":\"jetcache.remote.default.uri\",\"value\":\"redis://${spring.redis.password}@${spring.redis.host}:${spring.redis.port}\",\"comment\":\"\",\"lineNum\":87,\"id\":155,\"isDeleted\":false,\"dataChangeCreatedBy\":\"apollo\",\"dataChangeCreatedTime\":\"2020-05-15 14:44:46\",\"dataChangeLastModifiedBy\":\"apollo\",\"dataChangeLastModifiedTime\":\"2020-05-15 14:44:46\"},{\"namespaceId\":7,\"key\":\"mybatis-plus.mapper-locations\",\"value\":\"classpath:sqlmap/**/*Mapper.xml\",\"comment\":\"\",\"lineNum\":89,\"id\":157,\"isDeleted\":false,\"dataChangeCreatedBy\":\"apollo\",\"dataChangeCreatedTime\":\"2020-05-15 14:44:46\",\"dataChangeLastModifiedBy\":\"apollo\",\"dataChangeLastModifiedTime\":\"2020-05-15 14:44:46\"},{\"namespaceId\":7,\"key\":\"mybatis-plus.configuration.cache-enabled\",\"value\":\"false\",\"comment\":\"\",\"lineNum\":90,\"id\":158,\"isDeleted\":false,\"dataChangeCreatedBy\":\"apollo\",\"dataChangeCreatedTime\":\"2020-05-15 14:44:46\",\"dataChangeLastModifiedBy\":\"apollo\",\"dataChangeLastModifiedTime\":\"2020-05-15 14:44:46\"},{\"namespaceId\":7,\"key\":\"mybatis-plus.configuration.map-underscore-to-camel-case\",\"value\":\"true\",\"comment\":\"\",\"lineNum\":91,\"id\":159,\"isDeleted\":false,\"dataChangeCreatedBy\":\"apollo\",\"dataChangeCreatedTime\":\"2020-05-15 14:44:46\",\"dataChangeLastModifiedBy\":\"apollo\",\"dataChangeLastModifiedTime\":\"2020-05-15 14:44:46\"},{\"namespaceId\":7,\"key\":\"mybatis-plus.configuration.use-generated-keys\",\"value\":\"true\",\"comment\":\"\",\"lineNum\":92,\"id\":160,\"isDeleted\":false,\"dataChangeCreatedBy\":\"apollo\",\"dataChangeCreatedTime\":\"2020-05-15 14:44:46\",\"dataChangeLastModifiedBy\":\"apollo\",\"dataChangeLastModifiedTime\":\"2020-05-15 14:44:46\"},{\"namespaceId\":7,\"key\":\"mybatis-plus.configuration.log-impl\",\"value\":\"org.apache.ibatis.logging.stdout.StdOutImpl\",\"comment\":\"\",\"lineNum\":93,\"id\":161,\"isDeleted\":false,\"dataChangeCreatedBy\":\"apollo\",\"dataChangeCreatedTime\":\"2020-05-15 14:44:46\",\"dataChangeLastModifiedBy\":\"apollo\",\"dataChangeLastModifiedTime\":\"2020-05-15 14:44:46\"}],\"updateItems\":[],\"deleteItems\":[]}', 'biz-spring-cloud-public', 'default', 'Archer.biz-spring-cloud-public', NULL, b'0', 'apollo', '2020-05-15 14:44:47', 'apollo', '2020-05-15 14:44:47');
INSERT INTO `Commit` VALUES (4, '{\"createItems\":[{\"namespaceId\":5,\"key\":\"biz.api.starter.swagger.enable\",\"value\":\"true\",\"comment\":\"\",\"lineNum\":3,\"id\":164,\"isDeleted\":false,\"dataChangeCreatedBy\":\"apollo\",\"dataChangeCreatedTime\":\"2020-05-15 15:09:04\",\"dataChangeLastModifiedBy\":\"apollo\",\"dataChangeLastModifiedTime\":\"2020-05-15 15:09:04\"},{\"namespaceId\":5,\"key\":\"biz.api.starter.swagger.api-title\",\"value\":\"订单服务\",\"comment\":\"\",\"lineNum\":4,\"id\":165,\"isDeleted\":false,\"dataChangeCreatedBy\":\"apollo\",\"dataChangeCreatedTime\":\"2020-05-15 15:09:04\",\"dataChangeLastModifiedBy\":\"apollo\",\"dataChangeLastModifiedTime\":\"2020-05-15 15:09:04\"},{\"namespaceId\":5,\"key\":\"biz.api.starter.swagger.api-description\",\"value\":\"订单服务相关接口\",\"comment\":\"\",\"lineNum\":5,\"id\":166,\"isDeleted\":false,\"dataChangeCreatedBy\":\"apollo\",\"dataChangeCreatedTime\":\"2020-05-15 15:09:04\",\"dataChangeLastModifiedBy\":\"apollo\",\"dataChangeLastModifiedTime\":\"2020-05-15 15:09:04\"},{\"namespaceId\":5,\"key\":\"biz.api.starter.swagger.api-version\",\"value\":\"1.0.0\",\"comment\":\"\",\"lineNum\":6,\"id\":167,\"isDeleted\":false,\"dataChangeCreatedBy\":\"apollo\",\"dataChangeCreatedTime\":\"2020-05-15 15:09:04\",\"dataChangeLastModifiedBy\":\"apollo\",\"dataChangeLastModifiedTime\":\"2020-05-15 15:09:04\"},{\"namespaceId\":5,\"key\":\"biz.api.starter.swagger.scan-package\",\"value\":\"com.waynechu\",\"comment\":\"\",\"lineNum\":7,\"id\":168,\"isDeleted\":false,\"dataChangeCreatedBy\":\"apollo\",\"dataChangeCreatedTime\":\"2020-05-15 15:09:04\",\"dataChangeLastModifiedBy\":\"apollo\",\"dataChangeLastModifiedTime\":\"2020-05-15 15:09:04\"},{\"namespaceId\":5,\"key\":\"biz.api.starter.swagger.contact-name\",\"value\":\"waynechu\",\"comment\":\"\",\"lineNum\":8,\"id\":169,\"isDeleted\":false,\"dataChangeCreatedBy\":\"apollo\",\"dataChangeCreatedTime\":\"2020-05-15 15:09:04\",\"dataChangeLastModifiedBy\":\"apollo\",\"dataChangeLastModifiedTime\":\"2020-05-15 15:09:04\"},{\"namespaceId\":5,\"key\":\"biz.api.starter.swagger.contact-url\",\"value\":\"www.waynechu.cn\",\"comment\":\"\",\"lineNum\":9,\"id\":170,\"isDeleted\":false,\"dataChangeCreatedBy\":\"apollo\",\"dataChangeCreatedTime\":\"2020-05-15 15:09:04\",\"dataChangeLastModifiedBy\":\"apollo\",\"dataChangeLastModifiedTime\":\"2020-05-15 15:09:04\"},{\"namespaceId\":5,\"key\":\"biz.api.starter.swagger.contact-email\",\"value\":\"waynechu@waynechu.cn\",\"comment\":\"\",\"lineNum\":10,\"id\":171,\"isDeleted\":false,\"dataChangeCreatedBy\":\"apollo\",\"dataChangeCreatedTime\":\"2020-05-15 15:09:04\",\"dataChangeLastModifiedBy\":\"apollo\",\"dataChangeLastModifiedTime\":\"2020-05-15 15:09:04\"},{\"namespaceId\":5,\"key\":\"biz.api.starter.distributed-lock.enable\",\"value\":\"true\",\"comment\":\"\",\"lineNum\":11,\"id\":172,\"isDeleted\":false,\"dataChangeCreatedBy\":\"apollo\",\"dataChangeCreatedTime\":\"2020-05-15 15:09:04\",\"dataChangeLastModifiedBy\":\"apollo\",\"dataChangeLastModifiedTime\":\"2020-05-15 15:09:04\"},{\"namespaceId\":5,\"key\":\"biz.api.starter.distributed-lock.prefix\",\"value\":\"local.waynechu.cn\",\"comment\":\"\",\"lineNum\":12,\"id\":173,\"isDeleted\":false,\"dataChangeCreatedBy\":\"apollo\",\"dataChangeCreatedTime\":\"2020-05-15 15:09:04\",\"dataChangeLastModifiedBy\":\"apollo\",\"dataChangeLastModifiedTime\":\"2020-05-15 15:09:04\"},{\"namespaceId\":5,\"key\":\"sentry.enable\",\"value\":\"true\",\"comment\":\"\",\"lineNum\":14,\"id\":175,\"isDeleted\":false,\"dataChangeCreatedBy\":\"apollo\",\"dataChangeCreatedTime\":\"2020-05-15 15:09:04\",\"dataChangeLastModifiedBy\":\"apollo\",\"dataChangeLastModifiedTime\":\"2020-05-15 15:09:04\"},{\"namespaceId\":5,\"key\":\"sentry.dsn\",\"value\":\"http://a1c395c85d244742ae2a50b90f1535b8@localhost:9000/2\",\"comment\":\"\",\"lineNum\":15,\"id\":176,\"isDeleted\":false,\"dataChangeCreatedBy\":\"apollo\",\"dataChangeCreatedTime\":\"2020-05-15 15:09:04\",\"dataChangeLastModifiedBy\":\"apollo\",\"dataChangeLastModifiedTime\":\"2020-05-15 15:09:04\"},{\"namespaceId\":5,\"key\":\"sentry.stacktrace-app-packages\",\"value\":\"\",\"comment\":\"\",\"lineNum\":16,\"id\":177,\"isDeleted\":false,\"dataChangeCreatedBy\":\"apollo\",\"dataChangeCreatedTime\":\"2020-05-15 15:09:04\",\"dataChangeLastModifiedBy\":\"apollo\",\"dataChangeLastModifiedTime\":\"2020-05-15 15:09:04\"},{\"namespaceId\":5,\"key\":\"spring.datasource.dynamic.logger-enable\",\"value\":\"true\",\"comment\":\"\",\"lineNum\":19,\"id\":180,\"isDeleted\":false,\"dataChangeCreatedBy\":\"apollo\",\"dataChangeCreatedTime\":\"2020-05-15 15:09:04\",\"dataChangeLastModifiedBy\":\"apollo\",\"dataChangeLastModifiedTime\":\"2020-05-15 15:09:04\"},{\"namespaceId\":5,\"key\":\"spring.datasource.dynamic.strategy\",\"value\":\"cn.waynechu.bootstarter.dynamicdatasource.strategy.RoundRobinDynamicDataSourceStrategy\",\"comment\":\"\",\"lineNum\":21,\"id\":182,\"isDeleted\":false,\"dataChangeCreatedBy\":\"apollo\",\"dataChangeCreatedTime\":\"2020-05-15 15:09:04\",\"dataChangeLastModifiedBy\":\"apollo\",\"dataChangeLastModifiedTime\":\"2020-05-15 15:09:04\"},{\"namespaceId\":5,\"key\":\"spring.datasource.dynamic.druid.public-key\",\"value\":\"MFwwDQYJKoZIhvcNAQEBBQADSwAwSAJBAIxH6Gne6flG+enZOeGsbg4hoiGFi1ORqvsi8EzlObP3Gz/NVQpJACcBidowsWolaYKyfv8jHUClNja3GCE2x+kCAwEAAQ\\u003d\\u003d\",\"comment\":\"\",\"lineNum\":23,\"id\":184,\"isDeleted\":false,\"dataChangeCreatedBy\":\"apollo\",\"dataChangeCreatedTime\":\"2020-05-15 15:09:04\",\"dataChangeLastModifiedBy\":\"apollo\",\"dataChangeLastModifiedTime\":\"2020-05-15 15:09:04\"},{\"namespaceId\":5,\"key\":\"spring.datasource.dynamic.druid.stat-view-servlet.enabled\",\"value\":\"true\",\"comment\":\"\",\"lineNum\":25,\"id\":186,\"isDeleted\":false,\"dataChangeCreatedBy\":\"apollo\",\"dataChangeCreatedTime\":\"2020-05-15 15:09:04\",\"dataChangeLastModifiedBy\":\"apollo\",\"dataChangeLastModifiedTime\":\"2020-05-15 15:09:04\"},{\"namespaceId\":5,\"key\":\"spring.datasource.dynamic.druid.stat-view-servlet.login-username\",\"value\":\"admin\",\"comment\":\"\",\"lineNum\":26,\"id\":187,\"isDeleted\":false,\"dataChangeCreatedBy\":\"apollo\",\"dataChangeCreatedTime\":\"2020-05-15 15:09:04\",\"dataChangeLastModifiedBy\":\"apollo\",\"dataChangeLastModifiedTime\":\"2020-05-15 15:09:04\"},{\"namespaceId\":5,\"key\":\"spring.datasource.dynamic.druid.stat-view-servlet.login-password\",\"value\":\"123456\",\"comment\":\"\",\"lineNum\":27,\"id\":188,\"isDeleted\":false,\"dataChangeCreatedBy\":\"apollo\",\"dataChangeCreatedTime\":\"2020-05-15 15:09:04\",\"dataChangeLastModifiedBy\":\"apollo\",\"dataChangeLastModifiedTime\":\"2020-05-15 15:09:04\"},{\"namespaceId\":5,\"key\":\"spring.datasource.dynamic.druid.filters\",\"value\":\"stat,wall\",\"comment\":\"\",\"lineNum\":29,\"id\":190,\"isDeleted\":false,\"dataChangeCreatedBy\":\"apollo\",\"dataChangeCreatedTime\":\"2020-05-15 15:09:04\",\"dataChangeLastModifiedBy\":\"apollo\",\"dataChangeLastModifiedTime\":\"2020-05-15 15:09:04\"},{\"namespaceId\":5,\"key\":\"spring.datasource.dynamic.druid.connection-properties.druid.stat.mergeSql\",\"value\":\"true\",\"comment\":\"\",\"lineNum\":31,\"id\":192,\"isDeleted\":false,\"dataChangeCreatedBy\":\"apollo\",\"dataChangeCreatedTime\":\"2020-05-15 15:09:04\",\"dataChangeLastModifiedBy\":\"apollo\",\"dataChangeLastModifiedTime\":\"2020-05-15 15:09:04\"},{\"namespaceId\":5,\"key\":\"spring.datasource.dynamic.druid.connection-properties.druid.stat.slowSqlMillis\",\"value\":\"1000\",\"comment\":\"\",\"lineNum\":32,\"id\":193,\"isDeleted\":false,\"dataChangeCreatedBy\":\"apollo\",\"dataChangeCreatedTime\":\"2020-05-15 15:09:04\",\"dataChangeLastModifiedBy\":\"apollo\",\"dataChangeLastModifiedTime\":\"2020-05-15 15:09:04\"},{\"namespaceId\":5,\"key\":\"spring.datasource.dynamic.druid.connection-properties.druid.stat.logSlowSql\",\"value\":\"true\",\"comment\":\"\",\"lineNum\":33,\"id\":194,\"isDeleted\":false,\"dataChangeCreatedBy\":\"apollo\",\"dataChangeCreatedTime\":\"2020-05-15 15:09:04\",\"dataChangeLastModifiedBy\":\"apollo\",\"dataChangeLastModifiedTime\":\"2020-05-15 15:09:04\"},{\"namespaceId\":5,\"key\":\"spring.datasource.dynamic.druid.web-stat-filter.enabled\",\"value\":\"true\",\"comment\":\"\",\"lineNum\":35,\"id\":196,\"isDeleted\":false,\"dataChangeCreatedBy\":\"apollo\",\"dataChangeCreatedTime\":\"2020-05-15 15:09:04\",\"dataChangeLastModifiedBy\":\"apollo\",\"dataChangeLastModifiedTime\":\"2020-05-15 15:09:04\"},{\"namespaceId\":5,\"key\":\"spring.datasource.dynamic.druid.aop-patterns\",\"value\":\"com.waynechu.order.api.controller.*,com.waynechu.order.domain.service.*\",\"comment\":\"\",\"lineNum\":37,\"id\":198,\"isDeleted\":false,\"dataChangeCreatedBy\":\"apollo\",\"dataChangeCreatedTime\":\"2020-05-15 15:09:04\",\"dataChangeLastModifiedBy\":\"apollo\",\"dataChangeLastModifiedTime\":\"2020-05-15 15:09:04\"},{\"namespaceId\":5,\"key\":\"spring.datasource.dynamic.datasource.order-master.username\",\"value\":\"root\",\"comment\":\"\",\"lineNum\":40,\"id\":201,\"isDeleted\":false,\"dataChangeCreatedBy\":\"apollo\",\"dataChangeCreatedTime\":\"2020-05-15 15:09:04\",\"dataChangeLastModifiedBy\":\"apollo\",\"dataChangeLastModifiedTime\":\"2020-05-15 15:09:04\"},{\"namespaceId\":5,\"key\":\"spring.datasource.dynamic.datasource.order-master.password\",\"value\":\"LP1lXJ+2jrs+QhjLUJJRv3iALW9dgsoHAWyzVihmGW5Oooiw0Gyhi4nzeRW/JWrTxwUSgxnkt5pcbtppXjtbqA\\u003d\\u003d\",\"comment\":\"\",\"lineNum\":41,\"id\":202,\"isDeleted\":false,\"dataChangeCreatedBy\":\"apollo\",\"dataChangeCreatedTime\":\"2020-05-15 15:09:04\",\"dataChangeLastModifiedBy\":\"apollo\",\"dataChangeLastModifiedTime\":\"2020-05-15 15:09:04\"},{\"namespaceId\":5,\"key\":\"spring.datasource.dynamic.datasource.order-master.url\",\"value\":\"jdbc:mysql://localhost:3306/order?characterEncoding\\u003dutf-8\\u0026useSSL\\u003dfalse\\u0026serverTimezone\\u003dUTC\\u0026allowPublicKeyRetrieval\\u003dtrue\",\"comment\":\"\",\"lineNum\":42,\"id\":203,\"isDeleted\":false,\"dataChangeCreatedBy\":\"apollo\",\"dataChangeCreatedTime\":\"2020-05-15 15:09:04\",\"dataChangeLastModifiedBy\":\"apollo\",\"dataChangeLastModifiedTime\":\"2020-05-15 15:09:04\"},{\"namespaceId\":5,\"key\":\"spring.datasource.dynamic.datasource.order-slave1.username\",\"value\":\"root\",\"comment\":\"\",\"lineNum\":43,\"id\":204,\"isDeleted\":false,\"dataChangeCreatedBy\":\"apollo\",\"dataChangeCreatedTime\":\"2020-05-15 15:09:04\",\"dataChangeLastModifiedBy\":\"apollo\",\"dataChangeLastModifiedTime\":\"2020-05-15 15:09:04\"},{\"namespaceId\":5,\"key\":\"spring.datasource.dynamic.datasource.order-slave1.password\",\"value\":\"LP1lXJ+2jrs+QhjLUJJRv3iALW9dgsoHAWyzVihmGW5Oooiw0Gyhi4nzeRW/JWrTxwUSgxnkt5pcbtppXjtbqA\\u003d\\u003d\",\"comment\":\"\",\"lineNum\":44,\"id\":205,\"isDeleted\":false,\"dataChangeCreatedBy\":\"apollo\",\"dataChangeCreatedTime\":\"2020-05-15 15:09:04\",\"dataChangeLastModifiedBy\":\"apollo\",\"dataChangeLastModifiedTime\":\"2020-05-15 15:09:04\"},{\"namespaceId\":5,\"key\":\"spring.datasource.dynamic.datasource.order-slave1.url\",\"value\":\"jdbc:mysql://localhost:3307/order?characterEncoding\\u003dutf-8\\u0026useSSL\\u003dfalse\\u0026serverTimezone\\u003dUTC\\u0026allowPublicKeyRetrieval\\u003dtrue\",\"comment\":\"\",\"lineNum\":45,\"id\":206,\"isDeleted\":false,\"dataChangeCreatedBy\":\"apollo\",\"dataChangeCreatedTime\":\"2020-05-15 15:09:04\",\"dataChangeLastModifiedBy\":\"apollo\",\"dataChangeLastModifiedTime\":\"2020-05-15 15:09:04\"},{\"namespaceId\":5,\"key\":\"spring.datasource.dynamic.datasource.order-slave2.username\",\"value\":\"root\",\"comment\":\"\",\"lineNum\":46,\"id\":207,\"isDeleted\":false,\"dataChangeCreatedBy\":\"apollo\",\"dataChangeCreatedTime\":\"2020-05-15 15:09:04\",\"dataChangeLastModifiedBy\":\"apollo\",\"dataChangeLastModifiedTime\":\"2020-05-15 15:09:04\"},{\"namespaceId\":5,\"key\":\"spring.datasource.dynamic.datasource.order-slave2.password\",\"value\":\"LP1lXJ+2jrs+QhjLUJJRv3iALW9dgsoHAWyzVihmGW5Oooiw0Gyhi4nzeRW/JWrTxwUSgxnkt5pcbtppXjtbqA\\u003d\\u003d\",\"comment\":\"\",\"lineNum\":47,\"id\":208,\"isDeleted\":false,\"dataChangeCreatedBy\":\"apollo\",\"dataChangeCreatedTime\":\"2020-05-15 15:09:04\",\"dataChangeLastModifiedBy\":\"apollo\",\"dataChangeLastModifiedTime\":\"2020-05-15 15:09:04\"},{\"namespaceId\":5,\"key\":\"spring.datasource.dynamic.datasource.order-slave2.url\",\"value\":\"jdbc:mysql://localhost:3308/order?characterEncoding\\u003dutf-8\\u0026useSSL\\u003dfalse\\u0026serverTimezone\\u003dUTC\\u0026allowPublicKeyRetrieval\\u003dtrue\",\"comment\":\"\",\"lineNum\":48,\"id\":209,\"isDeleted\":false,\"dataChangeCreatedBy\":\"apollo\",\"dataChangeCreatedTime\":\"2020-05-15 15:09:04\",\"dataChangeLastModifiedBy\":\"apollo\",\"dataChangeLastModifiedTime\":\"2020-05-15 15:09:04\"}],\"updateItems\":[],\"deleteItems\":[]}', 'service-order', 'default', 'application', NULL, b'0', 'apollo', '2020-05-15 15:09:05', 'apollo', '2020-05-15 15:09:05');
INSERT INTO `Commit` VALUES (5, '{\"createItems\":[],\"updateItems\":[{\"oldItem\":{\"namespaceId\":5,\"key\":\"biz.api.starter.swagger.api-title\",\"value\":\"订单服务\",\"comment\":\"\",\"lineNum\":4,\"id\":165,\"isDeleted\":false,\"dataChangeCreatedBy\":\"apollo\",\"dataChangeCreatedTime\":\"2020-05-15 15:09:04\",\"dataChangeLastModifiedBy\":\"apollo\",\"dataChangeLastModifiedTime\":\"2020-05-15 15:09:04\"},\"newItem\":{\"namespaceId\":5,\"key\":\"biz.api.starter.swagger.api-title\",\"value\":\"修改订单服务\",\"comment\":\"\",\"lineNum\":4,\"id\":165,\"isDeleted\":false,\"dataChangeCreatedBy\":\"apollo\",\"dataChangeCreatedTime\":\"2020-05-15 15:09:04\",\"dataChangeLastModifiedBy\":\"apollo\",\"dataChangeLastModifiedTime\":\"2020-05-15 15:10:17\"}}],\"deleteItems\":[]}', 'service-order', 'default', 'application', NULL, b'0', 'apollo', '2020-05-15 15:10:17', 'apollo', '2020-05-15 15:10:17');
INSERT INTO `Commit` VALUES (6, '{\"createItems\":[],\"updateItems\":[{\"oldItem\":{\"namespaceId\":5,\"key\":\"biz.api.starter.swagger.api-title\",\"value\":\"修改订单服务\",\"comment\":\"\",\"lineNum\":4,\"id\":165,\"isDeleted\":false,\"dataChangeCreatedBy\":\"apollo\",\"dataChangeCreatedTime\":\"2020-05-15 15:09:04\",\"dataChangeLastModifiedBy\":\"apollo\",\"dataChangeLastModifiedTime\":\"2020-05-15 15:10:17\"},\"newItem\":{\"namespaceId\":5,\"key\":\"biz.api.starter.swagger.api-title\",\"value\":\"订单服务\",\"comment\":\"\",\"lineNum\":4,\"id\":165,\"isDeleted\":false,\"dataChangeCreatedBy\":\"apollo\",\"dataChangeCreatedTime\":\"2020-05-15 15:09:04\",\"dataChangeLastModifiedBy\":\"apollo\",\"dataChangeLastModifiedTime\":\"2020-05-15 15:11:19\"}}],\"deleteItems\":[]}', 'service-order', 'default', 'application', NULL, b'0', 'apollo', '2020-05-15 15:11:20', 'apollo', '2020-05-15 15:11:20');
INSERT INTO `Commit` VALUES (7, '{\"createItems\":[{\"namespaceId\":5,\"key\":\"apollo.refresh-value\",\"value\":\"1\",\"lineNum\":49,\"id\":210,\"isDeleted\":false,\"dataChangeCreatedBy\":\"apollo\",\"dataChangeCreatedTime\":\"2020-05-15 15:22:30\",\"dataChangeLastModifiedBy\":\"apollo\",\"dataChangeLastModifiedTime\":\"2020-05-15 15:22:30\"}],\"updateItems\":[],\"deleteItems\":[]}', 'service-order', 'default', 'application', NULL, b'0', 'apollo', '2020-05-15 15:22:30', 'apollo', '2020-05-15 15:22:30');
INSERT INTO `Commit` VALUES (8, '{\"createItems\":[],\"updateItems\":[{\"oldItem\":{\"namespaceId\":5,\"key\":\"apollo.refresh-value\",\"value\":\"1\",\"lineNum\":49,\"id\":210,\"isDeleted\":false,\"dataChangeCreatedBy\":\"apollo\",\"dataChangeCreatedTime\":\"2020-05-15 15:22:30\",\"dataChangeLastModifiedBy\":\"apollo\",\"dataChangeLastModifiedTime\":\"2020-05-15 15:22:30\"},\"newItem\":{\"namespaceId\":5,\"key\":\"apollo.refresh-value\",\"value\":\"2\",\"comment\":\"\",\"lineNum\":49,\"id\":210,\"isDeleted\":false,\"dataChangeCreatedBy\":\"apollo\",\"dataChangeCreatedTime\":\"2020-05-15 15:22:30\",\"dataChangeLastModifiedBy\":\"apollo\",\"dataChangeLastModifiedTime\":\"2020-05-15 15:23:29\"}}],\"deleteItems\":[]}', 'service-order', 'default', 'application', NULL, b'0', 'apollo', '2020-05-15 15:23:29', 'apollo', '2020-05-15 15:23:29');
INSERT INTO `Commit` VALUES (9, '{\"createItems\":[{\"namespaceId\":5,\"key\":\"apollo.refresh-property\",\"value\":\"a\",\"lineNum\":50,\"id\":211,\"isDeleted\":false,\"dataChangeCreatedBy\":\"apollo\",\"dataChangeCreatedTime\":\"2020-05-15 15:40:31\",\"dataChangeLastModifiedBy\":\"apollo\",\"dataChangeLastModifiedTime\":\"2020-05-15 15:40:31\"}],\"updateItems\":[],\"deleteItems\":[]}', 'service-order', 'default', 'application', NULL, b'0', 'apollo', '2020-05-15 15:40:31', 'apollo', '2020-05-15 15:40:31');
INSERT INTO `Commit` VALUES (10, '{\"createItems\":[],\"updateItems\":[{\"oldItem\":{\"namespaceId\":5,\"key\":\"apollo.refresh-property\",\"value\":\"a\",\"lineNum\":50,\"id\":211,\"isDeleted\":false,\"dataChangeCreatedBy\":\"apollo\",\"dataChangeCreatedTime\":\"2020-05-15 15:40:31\",\"dataChangeLastModifiedBy\":\"apollo\",\"dataChangeLastModifiedTime\":\"2020-05-15 15:40:31\"},\"newItem\":{\"namespaceId\":5,\"key\":\"apollo.refresh-property\",\"value\":\"b\",\"comment\":\"\",\"lineNum\":50,\"id\":211,\"isDeleted\":false,\"dataChangeCreatedBy\":\"apollo\",\"dataChangeCreatedTime\":\"2020-05-15 15:40:31\",\"dataChangeLastModifiedBy\":\"apollo\",\"dataChangeLastModifiedTime\":\"2020-05-15 15:41:59\"}}],\"deleteItems\":[]}', 'service-order', 'default', 'application', NULL, b'0', 'apollo', '2020-05-15 15:41:59', 'apollo', '2020-05-15 15:41:59');
INSERT INTO `Commit` VALUES (11, '{\"createItems\":[],\"updateItems\":[{\"oldItem\":{\"namespaceId\":2,\"key\":\"spring.rabbitmq.host\",\"value\":\"localhost\",\"comment\":\"\",\"lineNum\":40,\"id\":41,\"isDeleted\":false,\"dataChangeCreatedBy\":\"apollo\",\"dataChangeCreatedTime\":\"2020-05-15 11:49:27\",\"dataChangeLastModifiedBy\":\"apollo\",\"dataChangeLastModifiedTime\":\"2020-05-15 11:49:27\"},\"newItem\":{\"namespaceId\":2,\"key\":\"spring.rabbitmq.host\",\"value\":\"172.20.0.8\",\"comment\":\"\",\"lineNum\":40,\"id\":41,\"isDeleted\":false,\"dataChangeCreatedBy\":\"apollo\",\"dataChangeCreatedTime\":\"2020-05-15 11:49:27\",\"dataChangeLastModifiedBy\":\"apollo\",\"dataChangeLastModifiedTime\":\"2020-05-18 17:17:05\"}}],\"deleteItems\":[]}', 'biz-spring-cloud-eureka', 'default', 'application', NULL, b'0', 'apollo', '2020-05-18 17:17:05', 'apollo', '2020-05-18 17:17:05');
INSERT INTO `Commit` VALUES (12, '{\"createItems\":[],\"updateItems\":[{\"oldItem\":{\"namespaceId\":2,\"key\":\"spring.rabbitmq.host\",\"value\":\"172.20.0.8\",\"comment\":\"\",\"lineNum\":40,\"id\":41,\"isDeleted\":false,\"dataChangeCreatedBy\":\"apollo\",\"dataChangeCreatedTime\":\"2020-05-15 11:49:27\",\"dataChangeLastModifiedBy\":\"apollo\",\"dataChangeLastModifiedTime\":\"2020-05-18 17:17:05\"},\"newItem\":{\"namespaceId\":2,\"key\":\"spring.rabbitmq.host\",\"value\":\"172.20.0.6\",\"comment\":\"\",\"lineNum\":40,\"id\":41,\"isDeleted\":false,\"dataChangeCreatedBy\":\"apollo\",\"dataChangeCreatedTime\":\"2020-05-15 11:49:27\",\"dataChangeLastModifiedBy\":\"apollo\",\"dataChangeLastModifiedTime\":\"2020-05-18 17:19:32\"}}],\"deleteItems\":[]}', 'biz-spring-cloud-eureka', 'default', 'application', NULL, b'0', 'apollo', '2020-05-18 17:19:33', 'apollo', '2020-05-18 17:19:33');
INSERT INTO `Commit` VALUES (13, '{\"createItems\":[],\"updateItems\":[{\"oldItem\":{\"namespaceId\":2,\"key\":\"spring.rabbitmq.host\",\"value\":\"172.20.0.6\",\"comment\":\"\",\"lineNum\":40,\"id\":41,\"isDeleted\":false,\"dataChangeCreatedBy\":\"apollo\",\"dataChangeCreatedTime\":\"2020-05-15 11:49:27\",\"dataChangeLastModifiedBy\":\"apollo\",\"dataChangeLastModifiedTime\":\"2020-05-18 17:19:33\"},\"newItem\":{\"namespaceId\":2,\"key\":\"spring.rabbitmq.host\",\"value\":\"172.20.0.8\",\"comment\":\"\",\"lineNum\":40,\"id\":41,\"isDeleted\":false,\"dataChangeCreatedBy\":\"apollo\",\"dataChangeCreatedTime\":\"2020-05-15 11:49:27\",\"dataChangeLastModifiedBy\":\"apollo\",\"dataChangeLastModifiedTime\":\"2020-05-18 17:22:19\"}}],\"deleteItems\":[]}', 'biz-spring-cloud-eureka', 'default', 'application', NULL, b'0', 'apollo', '2020-05-18 17:22:20', 'apollo', '2020-05-18 17:22:20');
INSERT INTO `Commit` VALUES (14, '{\"createItems\":[],\"updateItems\":[{\"oldItem\":{\"namespaceId\":2,\"key\":\"spring.rabbitmq.host\",\"value\":\"172.20.0.8\",\"comment\":\"\",\"lineNum\":40,\"id\":41,\"isDeleted\":false,\"dataChangeCreatedBy\":\"apollo\",\"dataChangeCreatedTime\":\"2020-05-15 11:49:27\",\"dataChangeLastModifiedBy\":\"apollo\",\"dataChangeLastModifiedTime\":\"2020-05-18 17:22:20\"},\"newItem\":{\"namespaceId\":2,\"key\":\"spring.rabbitmq.host\",\"value\":\"172.20.0.6\",\"comment\":\"\",\"lineNum\":40,\"id\":41,\"isDeleted\":false,\"dataChangeCreatedBy\":\"apollo\",\"dataChangeCreatedTime\":\"2020-05-15 11:49:27\",\"dataChangeLastModifiedBy\":\"apollo\",\"dataChangeLastModifiedTime\":\"2020-05-18 17:23:02\"}}],\"deleteItems\":[]}', 'biz-spring-cloud-eureka', 'default', 'application', NULL, b'0', 'apollo', '2020-05-18 17:23:02', 'apollo', '2020-05-18 17:23:02');
INSERT INTO `Commit` VALUES (15, '{\"createItems\":[],\"updateItems\":[{\"oldItem\":{\"namespaceId\":5,\"key\":\"biz.api.starter.distributed-lock.prefix\",\"value\":\"local.waynechu.cn\",\"comment\":\"\",\"lineNum\":12,\"id\":173,\"isDeleted\":false,\"dataChangeCreatedBy\":\"apollo\",\"dataChangeCreatedTime\":\"2020-05-15 15:09:05\",\"dataChangeLastModifiedBy\":\"apollo\",\"dataChangeLastModifiedTime\":\"2020-05-15 15:09:05\"},\"newItem\":{\"namespaceId\":5,\"key\":\"biz.api.starter.distributed-lock.prefix\",\"value\":\"prd.waynechu.cn\",\"comment\":\"\",\"lineNum\":12,\"id\":173,\"isDeleted\":false,\"dataChangeCreatedBy\":\"apollo\",\"dataChangeCreatedTime\":\"2020-05-15 15:09:05\",\"dataChangeLastModifiedBy\":\"apollo\",\"dataChangeLastModifiedTime\":\"2020-05-18 17:57:40\"}}],\"deleteItems\":[]}', 'service-order', 'default', 'application', NULL, b'0', 'apollo', '2020-05-18 17:57:40', 'apollo', '2020-05-18 17:57:40');
INSERT INTO `Commit` VALUES (16, '{\"createItems\":[],\"updateItems\":[{\"oldItem\":{\"namespaceId\":7,\"key\":\"spring.rabbitmq.host\",\"value\":\"localhost\",\"comment\":\"\",\"lineNum\":44,\"id\":112,\"isDeleted\":false,\"dataChangeCreatedBy\":\"apollo\",\"dataChangeCreatedTime\":\"2020-05-15 14:44:47\",\"dataChangeLastModifiedBy\":\"apollo\",\"dataChangeLastModifiedTime\":\"2020-05-15 14:44:47\"},\"newItem\":{\"namespaceId\":7,\"key\":\"spring.rabbitmq.host\",\"value\":\"172.20.0.6\",\"comment\":\"\",\"lineNum\":44,\"id\":112,\"isDeleted\":false,\"dataChangeCreatedBy\":\"apollo\",\"dataChangeCreatedTime\":\"2020-05-15 14:44:47\",\"dataChangeLastModifiedBy\":\"apollo\",\"dataChangeLastModifiedTime\":\"2020-05-18 18:00:26\"}},{\"oldItem\":{\"namespaceId\":7,\"key\":\"spring.redis.host\",\"value\":\"localhost\",\"comment\":\"\",\"lineNum\":70,\"id\":138,\"isDeleted\":false,\"dataChangeCreatedBy\":\"apollo\",\"dataChangeCreatedTime\":\"2020-05-15 14:44:47\",\"dataChangeLastModifiedBy\":\"apollo\",\"dataChangeLastModifiedTime\":\"2020-05-15 14:44:47\"},\"newItem\":{\"namespaceId\":7,\"key\":\"spring.redis.host\",\"value\":\"172.20.0.5\",\"comment\":\"\",\"lineNum\":70,\"id\":138,\"isDeleted\":false,\"dataChangeCreatedBy\":\"apollo\",\"dataChangeCreatedTime\":\"2020-05-15 14:44:47\",\"dataChangeLastModifiedBy\":\"apollo\",\"dataChangeLastModifiedTime\":\"2020-05-18 18:00:26\"}},{\"oldItem\":{\"namespaceId\":7,\"key\":\"jetcache.remote.default.keyPrefix\",\"value\":\"test.waynechu.cn\",\"comment\":\"\",\"lineNum\":80,\"id\":148,\"isDeleted\":false,\"dataChangeCreatedBy\":\"apollo\",\"dataChangeCreatedTime\":\"2020-05-15 14:44:47\",\"dataChangeLastModifiedBy\":\"apollo\",\"dataChangeLastModifiedTime\":\"2020-05-15 14:44:47\"},\"newItem\":{\"namespaceId\":7,\"key\":\"jetcache.remote.default.keyPrefix\",\"value\":\"prd.waynechu.cn\",\"comment\":\"\",\"lineNum\":80,\"id\":148,\"isDeleted\":false,\"dataChangeCreatedBy\":\"apollo\",\"dataChangeCreatedTime\":\"2020-05-15 14:44:47\",\"dataChangeLastModifiedBy\":\"apollo\",\"dataChangeLastModifiedTime\":\"2020-05-18 18:00:26\"}}],\"deleteItems\":[{\"namespaceId\":7,\"key\":\"eureka.client.service-url.defaultZone\",\"value\":\"http://admin:123456@localhost:9001/eureka/,http://admin:123456@localhost:9002/eureka/\",\"comment\":\"\",\"lineNum\":9,\"id\":77,\"isDeleted\":true,\"dataChangeCreatedBy\":\"apollo\",\"dataChangeCreatedTime\":\"2020-05-15 14:44:47\",\"dataChangeLastModifiedBy\":\"apollo\",\"dataChangeLastModifiedTime\":\"2020-05-18 18:00:26\"}]}', 'biz-spring-cloud-public', 'default', 'Archer.biz-spring-cloud-public', NULL, b'0', 'apollo', '2020-05-18 18:00:27', 'apollo', '2020-05-18 18:00:27');
INSERT INTO `Commit` VALUES (17, '{\"createItems\":[],\"updateItems\":[{\"oldItem\":{\"namespaceId\":5,\"key\":\"spring.datasource.dynamic.datasource.order-master.url\",\"value\":\"jdbc:mysql://localhost:3306/order?characterEncoding\\u003dutf-8\\u0026useSSL\\u003dfalse\\u0026serverTimezone\\u003dUTC\\u0026allowPublicKeyRetrieval\\u003dtrue\",\"comment\":\"\",\"lineNum\":42,\"id\":203,\"isDeleted\":false,\"dataChangeCreatedBy\":\"apollo\",\"dataChangeCreatedTime\":\"2020-05-15 15:09:05\",\"dataChangeLastModifiedBy\":\"apollo\",\"dataChangeLastModifiedTime\":\"2020-05-15 15:09:05\"},\"newItem\":{\"namespaceId\":5,\"key\":\"spring.datasource.dynamic.datasource.order-master.url\",\"value\":\"jdbc:mysql://172.20.0.2:3306/order?characterEncoding\\u003dutf-8\\u0026useSSL\\u003dfalse\\u0026serverTimezone\\u003dUTC\\u0026allowPublicKeyRetrieval\\u003dtrue\",\"comment\":\"\",\"lineNum\":42,\"id\":203,\"isDeleted\":false,\"dataChangeCreatedBy\":\"apollo\",\"dataChangeCreatedTime\":\"2020-05-15 15:09:05\",\"dataChangeLastModifiedBy\":\"apollo\",\"dataChangeLastModifiedTime\":\"2020-05-18 18:04:59\"}}],\"deleteItems\":[]}', 'service-order', 'default', 'application', NULL, b'0', 'apollo', '2020-05-18 18:05:00', 'apollo', '2020-05-18 18:05:00');
INSERT INTO `Commit` VALUES (18, '{\"createItems\":[],\"updateItems\":[{\"oldItem\":{\"namespaceId\":5,\"key\":\"spring.datasource.dynamic.datasource.order-slave1.url\",\"value\":\"jdbc:mysql://localhost:3307/order?characterEncoding\\u003dutf-8\\u0026useSSL\\u003dfalse\\u0026serverTimezone\\u003dUTC\\u0026allowPublicKeyRetrieval\\u003dtrue\",\"comment\":\"\",\"lineNum\":45,\"id\":206,\"isDeleted\":false,\"dataChangeCreatedBy\":\"apollo\",\"dataChangeCreatedTime\":\"2020-05-15 15:09:05\",\"dataChangeLastModifiedBy\":\"apollo\",\"dataChangeLastModifiedTime\":\"2020-05-15 15:09:05\"},\"newItem\":{\"namespaceId\":5,\"key\":\"spring.datasource.dynamic.datasource.order-slave1.url\",\"value\":\"jdbc:mysql://172.20.0.3:3306/order?characterEncoding\\u003dutf-8\\u0026useSSL\\u003dfalse\\u0026serverTimezone\\u003dUTC\\u0026allowPublicKeyRetrieval\\u003dtrue\",\"comment\":\"\",\"lineNum\":45,\"id\":206,\"isDeleted\":false,\"dataChangeCreatedBy\":\"apollo\",\"dataChangeCreatedTime\":\"2020-05-15 15:09:05\",\"dataChangeLastModifiedBy\":\"apollo\",\"dataChangeLastModifiedTime\":\"2020-05-18 18:05:24\"}}],\"deleteItems\":[]}', 'service-order', 'default', 'application', NULL, b'0', 'apollo', '2020-05-18 18:05:25', 'apollo', '2020-05-18 18:05:25');
INSERT INTO `Commit` VALUES (19, '{\"createItems\":[],\"updateItems\":[{\"oldItem\":{\"namespaceId\":5,\"key\":\"spring.datasource.dynamic.datasource.order-slave2.url\",\"value\":\"jdbc:mysql://localhost:3308/order?characterEncoding\\u003dutf-8\\u0026useSSL\\u003dfalse\\u0026serverTimezone\\u003dUTC\\u0026allowPublicKeyRetrieval\\u003dtrue\",\"comment\":\"\",\"lineNum\":48,\"id\":209,\"isDeleted\":false,\"dataChangeCreatedBy\":\"apollo\",\"dataChangeCreatedTime\":\"2020-05-15 15:09:05\",\"dataChangeLastModifiedBy\":\"apollo\",\"dataChangeLastModifiedTime\":\"2020-05-15 15:09:05\"},\"newItem\":{\"namespaceId\":5,\"key\":\"spring.datasource.dynamic.datasource.order-slave2.url\",\"value\":\"jdbc:mysql://172.20.0.4:3306/order?characterEncoding\\u003dutf-8\\u0026useSSL\\u003dfalse\\u0026serverTimezone\\u003dUTC\\u0026allowPublicKeyRetrieval\\u003dtrue\",\"comment\":\"\",\"lineNum\":48,\"id\":209,\"isDeleted\":false,\"dataChangeCreatedBy\":\"apollo\",\"dataChangeCreatedTime\":\"2020-05-15 15:09:05\",\"dataChangeLastModifiedBy\":\"apollo\",\"dataChangeLastModifiedTime\":\"2020-05-18 18:05:41\"}}],\"deleteItems\":[]}', 'service-order', 'default', 'application', NULL, b'0', 'apollo', '2020-05-18 18:05:41', 'apollo', '2020-05-18 18:05:41');
INSERT INTO `Commit` VALUES (20, '{\"createItems\":[],\"updateItems\":[{\"oldItem\":{\"namespaceId\":5,\"key\":\"apollo.refresh-property\",\"value\":\"b\",\"comment\":\"\",\"lineNum\":50,\"id\":211,\"isDeleted\":false,\"dataChangeCreatedBy\":\"apollo\",\"dataChangeCreatedTime\":\"2020-05-15 15:40:31\",\"dataChangeLastModifiedBy\":\"apollo\",\"dataChangeLastModifiedTime\":\"2020-05-15 15:41:59\"},\"newItem\":{\"namespaceId\":5,\"key\":\"apollo.refresh-property\",\"value\":\"c\",\"comment\":\"\",\"lineNum\":50,\"id\":211,\"isDeleted\":false,\"dataChangeCreatedBy\":\"apollo\",\"dataChangeCreatedTime\":\"2020-05-15 15:40:31\",\"dataChangeLastModifiedBy\":\"apollo\",\"dataChangeLastModifiedTime\":\"2020-05-18 19:21:14\"}}],\"deleteItems\":[]}', 'service-order', 'default', 'application', NULL, b'0', 'apollo', '2020-05-18 19:21:14', 'apollo', '2020-05-18 19:21:14');

-- ----------------------------
-- Table structure for GrayReleaseRule
-- ----------------------------
DROP TABLE IF EXISTS `GrayReleaseRule`;
CREATE TABLE `GrayReleaseRule`  (
  `Id` int(11) UNSIGNED NOT NULL AUTO_INCREMENT COMMENT '主键',
  `AppId` varchar(32) CHARACTER SET utf8mb4 COLLATE utf8mb4_general_ci NOT NULL DEFAULT 'default' COMMENT 'AppID',
  `ClusterName` varchar(32) CHARACTER SET utf8mb4 COLLATE utf8mb4_general_ci NOT NULL DEFAULT 'default' COMMENT 'Cluster Name',
  `NamespaceName` varchar(32) CHARACTER SET utf8mb4 COLLATE utf8mb4_general_ci NOT NULL DEFAULT 'default' COMMENT 'Namespace Name',
  `BranchName` varchar(32) CHARACTER SET utf8mb4 COLLATE utf8mb4_general_ci NOT NULL DEFAULT 'default' COMMENT 'branch name',
  `Rules` varchar(16000) CHARACTER SET utf8mb4 COLLATE utf8mb4_general_ci NULL DEFAULT '[]' COMMENT '灰度规则',
  `ReleaseId` int(11) UNSIGNED NOT NULL DEFAULT 0 COMMENT '灰度对应的release',
  `BranchStatus` tinyint(2) NULL DEFAULT 1 COMMENT '灰度分支状态: 0:删除分支,1:正在使用的规则 2：全量发布',
  `IsDeleted` bit(1) NOT NULL DEFAULT b'0' COMMENT '1: deleted, 0: normal',
  `DataChange_CreatedBy` varchar(32) CHARACTER SET utf8mb4 COLLATE utf8mb4_general_ci NOT NULL DEFAULT 'default' COMMENT '创建人邮箱前缀',
  `DataChange_CreatedTime` timestamp(0) NOT NULL DEFAULT CURRENT_TIMESTAMP(0) COMMENT '创建时间',
  `DataChange_LastModifiedBy` varchar(32) CHARACTER SET utf8mb4 COLLATE utf8mb4_general_ci NULL DEFAULT '' COMMENT '最后修改人邮箱前缀',
  `DataChange_LastTime` timestamp(0) NULL DEFAULT CURRENT_TIMESTAMP(0) ON UPDATE CURRENT_TIMESTAMP(0) COMMENT '最后修改时间',
  PRIMARY KEY (`Id`) USING BTREE,
  INDEX `DataChange_LastTime`(`DataChange_LastTime`) USING BTREE,
  INDEX `IX_Namespace`(`AppId`, `ClusterName`, `NamespaceName`) USING BTREE
) ENGINE = InnoDB AUTO_INCREMENT = 1 CHARACTER SET = utf8mb4 COLLATE = utf8mb4_general_ci COMMENT = '灰度规则表' ROW_FORMAT = Dynamic;

-- ----------------------------
-- Table structure for Instance
-- ----------------------------
DROP TABLE IF EXISTS `Instance`;
CREATE TABLE `Instance`  (
  `Id` int(11) UNSIGNED NOT NULL AUTO_INCREMENT COMMENT '自增Id',
  `AppId` varchar(32) CHARACTER SET utf8mb4 COLLATE utf8mb4_general_ci NOT NULL DEFAULT 'default' COMMENT 'AppID',
  `ClusterName` varchar(32) CHARACTER SET utf8mb4 COLLATE utf8mb4_general_ci NOT NULL DEFAULT 'default' COMMENT 'ClusterName',
  `DataCenter` varchar(64) CHARACTER SET utf8mb4 COLLATE utf8mb4_general_ci NOT NULL DEFAULT 'default' COMMENT 'Data Center Name',
  `Ip` varchar(32) CHARACTER SET utf8mb4 COLLATE utf8mb4_general_ci NOT NULL DEFAULT '' COMMENT 'instance ip',
  `DataChange_CreatedTime` timestamp(0) NOT NULL DEFAULT CURRENT_TIMESTAMP(0) COMMENT '创建时间',
  `DataChange_LastTime` timestamp(0) NOT NULL DEFAULT CURRENT_TIMESTAMP(0) ON UPDATE CURRENT_TIMESTAMP(0) COMMENT '最后修改时间',
  PRIMARY KEY (`Id`) USING BTREE,
  UNIQUE INDEX `IX_UNIQUE_KEY`(`AppId`, `ClusterName`, `Ip`, `DataCenter`) USING BTREE,
  INDEX `IX_IP`(`Ip`) USING BTREE,
  INDEX `IX_DataChange_LastTime`(`DataChange_LastTime`) USING BTREE
) ENGINE = InnoDB AUTO_INCREMENT = 10 CHARACTER SET = utf8mb4 COLLATE = utf8mb4_general_ci COMMENT = '使用配置的应用实例' ROW_FORMAT = Dynamic;

-- ----------------------------
-- Records of Instance
-- ----------------------------
INSERT INTO `Instance` VALUES (1, 'biz-spring-cloud-eureka', 'default', '', '172.16.16.71', '2020-05-15 11:49:48', '2020-05-15 11:49:48');
INSERT INTO `Instance` VALUES (2, 'service-order', 'default', '', '172.16.16.71', '2020-05-15 15:06:12', '2020-05-15 15:06:12');
INSERT INTO `Instance` VALUES (3, 'biz-spring-cloud-eureka', 'default', '', '172.20.0.12', '2020-05-15 18:29:44', '2020-05-15 18:29:44');
INSERT INTO `Instance` VALUES (4, 'biz-spring-cloud-eureka', 'default', '', '172.20.0.13', '2020-05-18 17:06:44', '2020-05-18 17:06:44');
INSERT INTO `Instance` VALUES (5, 'service-order', 'default', '', '172.20.0.9', '2020-05-18 18:07:26', '2020-05-18 18:07:26');
INSERT INTO `Instance` VALUES (6, 'service-order', 'default', '', '172.20.0.7', '2020-05-18 18:07:26', '2020-05-18 18:07:26');
INSERT INTO `Instance` VALUES (7, 'service-order', 'default', '', '172.20.0.8', '2020-05-18 19:18:00', '2020-05-18 19:18:00');
INSERT INTO `Instance` VALUES (8, 'service-order', 'default', '', '172.20.0.14', '2020-05-18 19:28:06', '2020-05-18 19:28:06');
INSERT INTO `Instance` VALUES (9, 'service-order', 'default', '', '172.20.0.15', '2020-05-18 19:28:06', '2020-05-18 19:28:06');

-- ----------------------------
-- Table structure for InstanceConfig
-- ----------------------------
DROP TABLE IF EXISTS `InstanceConfig`;
CREATE TABLE `InstanceConfig`  (
  `Id` int(11) UNSIGNED NOT NULL AUTO_INCREMENT COMMENT '自增Id',
  `InstanceId` int(11) UNSIGNED NULL DEFAULT NULL COMMENT 'Instance Id',
  `ConfigAppId` varchar(32) CHARACTER SET utf8mb4 COLLATE utf8mb4_general_ci NOT NULL DEFAULT 'default' COMMENT 'Config App Id',
  `ConfigClusterName` varchar(32) CHARACTER SET utf8mb4 COLLATE utf8mb4_general_ci NOT NULL DEFAULT 'default' COMMENT 'Config Cluster Name',
  `ConfigNamespaceName` varchar(32) CHARACTER SET utf8mb4 COLLATE utf8mb4_general_ci NOT NULL DEFAULT 'default' COMMENT 'Config Namespace Name',
  `ReleaseKey` varchar(64) CHARACTER SET utf8mb4 COLLATE utf8mb4_general_ci NOT NULL DEFAULT '' COMMENT '发布的Key',
  `ReleaseDeliveryTime` timestamp(0) NULL DEFAULT NULL COMMENT '配置获取时间',
  `DataChange_CreatedTime` timestamp(0) NOT NULL DEFAULT CURRENT_TIMESTAMP(0) COMMENT '创建时间',
  `DataChange_LastTime` timestamp(0) NOT NULL DEFAULT CURRENT_TIMESTAMP(0) ON UPDATE CURRENT_TIMESTAMP(0) COMMENT '最后修改时间',
  PRIMARY KEY (`Id`) USING BTREE,
  UNIQUE INDEX `IX_UNIQUE_KEY`(`InstanceId`, `ConfigAppId`, `ConfigNamespaceName`) USING BTREE,
  INDEX `IX_ReleaseKey`(`ReleaseKey`) USING BTREE,
  INDEX `IX_DataChange_LastTime`(`DataChange_LastTime`) USING BTREE,
  INDEX `IX_Valid_Namespace`(`ConfigAppId`, `ConfigClusterName`, `ConfigNamespaceName`, `DataChange_LastTime`) USING BTREE
) ENGINE = InnoDB AUTO_INCREMENT = 16 CHARACTER SET = utf8mb4 COLLATE = utf8mb4_general_ci COMMENT = '应用实例的配置信息' ROW_FORMAT = Dynamic;

-- ----------------------------
-- Records of InstanceConfig
-- ----------------------------
INSERT INTO `InstanceConfig` VALUES (1, 1, 'biz-spring-cloud-eureka', 'default', 'application', '20200515115229-6be5f871e0516ae9', '2020-05-15 11:52:30', '2020-05-15 11:49:47', '2020-05-15 15:03:24');
INSERT INTO `InstanceConfig` VALUES (2, 2, 'biz-spring-cloud-public', 'default', 'Archer.biz-spring-cloud-public', '20200515144452-9941f871e037854c', '2020-05-15 15:06:12', '2020-05-15 15:06:12', '2020-05-15 15:06:12');
INSERT INTO `InstanceConfig` VALUES (3, 2, 'service-order', 'default', 'application', '20200515154205-7c44f871e0334f48', '2020-05-15 15:42:06', '2020-05-15 15:09:20', '2020-05-15 15:42:06');
INSERT INTO `InstanceConfig` VALUES (4, 3, 'biz-spring-cloud-eureka', 'default', 'application', '20200518172305-6be5f871e056f9e0', '2020-05-18 17:23:05', '2020-05-15 18:29:44', '2020-05-18 19:17:10');
INSERT INTO `InstanceConfig` VALUES (5, 4, 'biz-spring-cloud-eureka', 'default', 'application', '20200518172305-6be5f871e056f9e0', '2020-05-18 17:23:05', '2020-05-18 17:06:44', '2020-05-18 19:17:10');
INSERT INTO `InstanceConfig` VALUES (6, 5, 'service-order', 'default', 'application', '20200518180550-7c44f871e056f9e3', '2020-05-18 18:07:25', '2020-05-18 18:07:25', '2020-05-18 18:07:25');
INSERT INTO `InstanceConfig` VALUES (7, 6, 'service-order', 'default', 'application', '20200518192116-7c44f871e0dadc6f', '2020-05-18 19:21:18', '2020-05-18 18:07:25', '2020-05-18 19:21:19');
INSERT INTO `InstanceConfig` VALUES (8, 6, 'biz-spring-cloud-public', 'default', 'Archer.biz-spring-cloud-public', '20200518180031-9941f871e056f9e2', '2020-05-18 18:07:25', '2020-05-18 18:07:25', '2020-05-18 19:18:00');
INSERT INTO `InstanceConfig` VALUES (9, 5, 'biz-spring-cloud-public', 'default', 'Archer.biz-spring-cloud-public', '20200518180031-9941f871e056f9e2', '2020-05-18 18:07:25', '2020-05-18 18:07:25', '2020-05-18 18:07:25');
INSERT INTO `InstanceConfig` VALUES (10, 7, 'service-order', 'default', 'application', '20200518192116-7c44f871e0dadc6f', '2020-05-18 19:21:18', '2020-05-18 19:17:59', '2020-05-18 19:21:19');
INSERT INTO `InstanceConfig` VALUES (11, 7, 'biz-spring-cloud-public', 'default', 'Archer.biz-spring-cloud-public', '20200518180031-9941f871e056f9e2', '2020-05-18 19:18:00', '2020-05-18 19:18:00', '2020-05-18 19:18:00');
INSERT INTO `InstanceConfig` VALUES (12, 8, 'service-order', 'default', 'application', '20200518192116-7c44f871e0dadc6f', '2020-05-18 19:28:05', '2020-05-18 19:28:05', '2020-05-18 19:28:05');
INSERT INTO `InstanceConfig` VALUES (13, 9, 'service-order', 'default', 'application', '20200518192116-7c44f871e0dadc6f', '2020-05-18 19:28:06', '2020-05-18 19:28:06', '2020-05-18 19:28:06');
INSERT INTO `InstanceConfig` VALUES (14, 8, 'biz-spring-cloud-public', 'default', 'Archer.biz-spring-cloud-public', '20200518180031-9941f871e056f9e2', '2020-05-18 19:28:06', '2020-05-18 19:28:06', '2020-05-18 19:28:06');
INSERT INTO `InstanceConfig` VALUES (15, 9, 'biz-spring-cloud-public', 'default', 'Archer.biz-spring-cloud-public', '20200518180031-9941f871e056f9e2', '2020-05-18 19:28:06', '2020-05-18 19:28:06', '2020-05-18 19:28:06');

-- ----------------------------
-- Table structure for Item
-- ----------------------------
DROP TABLE IF EXISTS `Item`;
CREATE TABLE `Item`  (
  `Id` int(10) UNSIGNED NOT NULL AUTO_INCREMENT COMMENT '自增Id',
  `NamespaceId` int(10) UNSIGNED NOT NULL DEFAULT 0 COMMENT '集群NamespaceId',
  `Key` varchar(128) CHARACTER SET utf8mb4 COLLATE utf8mb4_general_ci NOT NULL DEFAULT 'default' COMMENT '配置项Key',
  `Value` longtext CHARACTER SET utf8mb4 COLLATE utf8mb4_general_ci NOT NULL COMMENT '配置项值',
  `Comment` varchar(1024) CHARACTER SET utf8mb4 COLLATE utf8mb4_general_ci NULL DEFAULT '' COMMENT '注释',
  `LineNum` int(10) UNSIGNED NULL DEFAULT 0 COMMENT '行号',
  `IsDeleted` bit(1) NOT NULL DEFAULT b'0' COMMENT '1: deleted, 0: normal',
  `DataChange_CreatedBy` varchar(32) CHARACTER SET utf8mb4 COLLATE utf8mb4_general_ci NOT NULL DEFAULT 'default' COMMENT '创建人邮箱前缀',
  `DataChange_CreatedTime` timestamp(0) NOT NULL DEFAULT CURRENT_TIMESTAMP(0) COMMENT '创建时间',
  `DataChange_LastModifiedBy` varchar(32) CHARACTER SET utf8mb4 COLLATE utf8mb4_general_ci NULL DEFAULT '' COMMENT '最后修改人邮箱前缀',
  `DataChange_LastTime` timestamp(0) NULL DEFAULT CURRENT_TIMESTAMP(0) ON UPDATE CURRENT_TIMESTAMP(0) COMMENT '最后修改时间',
  PRIMARY KEY (`Id`) USING BTREE,
  INDEX `IX_GroupId`(`NamespaceId`) USING BTREE,
  INDEX `DataChange_LastTime`(`DataChange_LastTime`) USING BTREE
) ENGINE = InnoDB AUTO_INCREMENT = 213 CHARACTER SET = utf8mb4 COLLATE = utf8mb4_general_ci COMMENT = '配置项目' ROW_FORMAT = Dynamic;

-- ----------------------------
-- Records of Item
-- ----------------------------
INSERT INTO `Item` VALUES (1, 1, 'timeout', '100', 'sample timeout配置', 1, b'1', 'default', '2020-05-15 10:59:43', 'apollo', '2020-05-15 11:09:28');
INSERT INTO `Item` VALUES (2, 2, '', '', '## security', 1, b'0', 'apollo', '2020-05-15 11:49:27', 'apollo', '2020-05-15 11:49:27');
INSERT INTO `Item` VALUES (3, 2, 'spring.security.user.name', 'admin', '', 2, b'0', 'apollo', '2020-05-15 11:49:27', 'apollo', '2020-05-15 11:49:27');
INSERT INTO `Item` VALUES (4, 2, 'spring.security.user.password', '12345678', '', 3, b'0', 'apollo', '2020-05-15 11:49:27', 'apollo', '2020-05-15 11:52:27');
INSERT INTO `Item` VALUES (5, 2, '', '', '## eureka', 4, b'0', 'apollo', '2020-05-15 11:49:27', 'apollo', '2020-05-15 11:49:27');
INSERT INTO `Item` VALUES (6, 2, '', '', '# 是否将该当前实例注册到Eureka Server', 5, b'0', 'apollo', '2020-05-15 11:49:27', 'apollo', '2020-05-15 11:49:27');
INSERT INTO `Item` VALUES (7, 2, 'eureka.client.register-with-eureka', 'true', '', 6, b'0', 'apollo', '2020-05-15 11:49:27', 'apollo', '2020-05-15 11:49:27');
INSERT INTO `Item` VALUES (8, 2, '', '', '# 是否获取注册表信息', 7, b'0', 'apollo', '2020-05-15 11:49:27', 'apollo', '2020-05-15 11:49:27');
INSERT INTO `Item` VALUES (9, 2, 'eureka.client.fetch-registry', 'true', '', 8, b'0', 'apollo', '2020-05-15 11:49:27', 'apollo', '2020-05-15 11:49:27');
INSERT INTO `Item` VALUES (10, 2, '', '', '# 使用actuator健康检查', 9, b'0', 'apollo', '2020-05-15 11:49:27', 'apollo', '2020-05-15 11:49:27');
INSERT INTO `Item` VALUES (11, 2, 'eureka.client.healthcheck.enabled', 'true', '', 10, b'0', 'apollo', '2020-05-15 11:49:27', 'apollo', '2020-05-15 11:49:27');
INSERT INTO `Item` VALUES (12, 2, '', '', '# 注册中心地址', 11, b'0', 'apollo', '2020-05-15 11:49:27', 'apollo', '2020-05-15 11:49:27');
INSERT INTO `Item` VALUES (13, 2, '', '', '#eureka.client.service-url.defaultZone=http://${spring.security.user.name}:${spring.security.user.password}@localhost:9001/eureka/', 12, b'0', 'apollo', '2020-05-15 11:49:27', 'apollo', '2020-05-15 11:49:27');
INSERT INTO `Item` VALUES (14, 2, '', '', '# 拉取注册信息间隔。默认30秒 (测试环境，可适当降低该值来保证及时获取注册信息)', 13, b'0', 'apollo', '2020-05-15 11:49:27', 'apollo', '2020-05-15 11:49:27');
INSERT INTO `Item` VALUES (15, 2, 'eureka.client.registryFetchIntervalSeconds', '30', '', 14, b'0', 'apollo', '2020-05-15 11:49:27', 'apollo', '2020-05-15 11:49:27');
INSERT INTO `Item` VALUES (16, 2, '', '', '# 使用IP注册', 15, b'0', 'apollo', '2020-05-15 11:49:27', 'apollo', '2020-05-15 11:49:27');
INSERT INTO `Item` VALUES (17, 2, 'eureka.instance.prefer-ip-address', 'true', '', 16, b'0', 'apollo', '2020-05-15 11:49:27', 'apollo', '2020-05-15 11:49:27');
INSERT INTO `Item` VALUES (18, 2, '', '', '# Client向Eureka Server发送心跳的时间间隔，默认30s (线上可适当提高该值来防止触发自我保护)', 17, b'0', 'apollo', '2020-05-15 11:49:27', 'apollo', '2020-05-15 11:49:27');
INSERT INTO `Item` VALUES (19, 2, 'eureka.instance.lease-renewal-interval-in-seconds', '30', '', 18, b'0', 'apollo', '2020-05-15 11:49:27', 'apollo', '2020-05-15 11:49:27');
INSERT INTO `Item` VALUES (20, 2, '', '', '# Eureka Server上一次收到Client心跳后，等待下一次心跳的超时时间，该值至少应该大于lease-renewal-intervalIn-seconds。默认90秒', 19, b'0', 'apollo', '2020-05-15 11:49:27', 'apollo', '2020-05-15 11:49:27');
INSERT INTO `Item` VALUES (21, 2, 'eureka.instance.lease-expiration-duration-in-seconds', '90', '', 20, b'0', 'apollo', '2020-05-15 11:49:27', 'apollo', '2020-05-15 11:49:27');
INSERT INTO `Item` VALUES (22, 2, '', '', '# 是否开启自我保护模式。默认开启 (可能由于网络抖动造成Client向Server发送心跳失败，但服务实例是健康的。', 21, b'0', 'apollo', '2020-05-15 11:49:27', 'apollo', '2020-05-15 11:49:27');
INSERT INTO `Item` VALUES (23, 2, '', '', '# 当出现大范围误判，可能导致注册的服务发范围被剔除。SELF PRESERVATION机制保证当一分钟内收到的续约次数小于指定伐值，', 22, b'0', 'apollo', '2020-05-15 11:49:27', 'apollo', '2020-05-15 11:49:27');
INSERT INTO `Item` VALUES (24, 2, '', '', '# 则禁止定时任务剔除失效实例。开发测试环境，开启该机制反而可能会影响系统的持续集成)', 23, b'0', 'apollo', '2020-05-15 11:49:27', 'apollo', '2020-05-15 11:49:27');
INSERT INTO `Item` VALUES (25, 2, 'eureka.server.enable-self-preservation', 'false', '', 24, b'0', 'apollo', '2020-05-15 11:49:27', 'apollo', '2020-05-15 11:49:27');
INSERT INTO `Item` VALUES (26, 2, '', '', '# 触发自我保护的伐值因子，默认0.85 (该值可在生产环境下适当调小，防止频繁触发自我保护)', 25, b'0', 'apollo', '2020-05-15 11:49:27', 'apollo', '2020-05-15 11:49:27');
INSERT INTO `Item` VALUES (27, 2, 'eureka.server.renewal-percent-threshold', '0.85', '', 26, b'0', 'apollo', '2020-05-15 11:49:27', 'apollo', '2020-05-15 11:49:27');
INSERT INTO `Item` VALUES (28, 2, '', '', '# Eureka服务器获取不到集群里对等服务器上的实例时，多久不对外提供注册服务', 27, b'0', 'apollo', '2020-05-15 11:49:27', 'apollo', '2020-05-15 11:49:27');
INSERT INTO `Item` VALUES (29, 2, 'eureka.server.wait-time-in-ms-when-sync-empty', '0', '', 28, b'0', 'apollo', '2020-05-15 11:49:27', 'apollo', '2020-05-15 11:49:27');
INSERT INTO `Item` VALUES (30, 2, '', '', '# EvictionTack服务剔除定时任务间隔。默认60s(测试环境可适当降低该值来保证服务及时剔除)', 29, b'0', 'apollo', '2020-05-15 11:49:27', 'apollo', '2020-05-15 11:49:27');
INSERT INTO `Item` VALUES (31, 2, 'eureka.server.eviction-interval-timer-in-ms', '30000', '', 30, b'0', 'apollo', '2020-05-15 11:49:27', 'apollo', '2020-05-15 11:49:27');
INSERT INTO `Item` VALUES (32, 2, '', '', '# 关闭Server的response cache，或者修改response cache的过期时间，可有效解决Server中存留过期实例信息的问题', 31, b'0', 'apollo', '2020-05-15 11:49:27', 'apollo', '2020-05-15 11:49:27');
INSERT INTO `Item` VALUES (33, 2, 'eureka.server.use-read-only-response-cache', 'false', '', 32, b'0', 'apollo', '2020-05-15 11:49:27', 'apollo', '2020-05-15 11:49:27');
INSERT INTO `Item` VALUES (34, 2, '', '', '# 修改response cache的过期时间。默认180s', 33, b'0', 'apollo', '2020-05-15 11:49:27', 'apollo', '2020-05-15 11:49:27');
INSERT INTO `Item` VALUES (35, 2, 'eureka.server.response-cache-auto-expiration-in-seconds', '60', '', 34, b'0', 'apollo', '2020-05-15 11:49:27', 'apollo', '2020-05-15 11:49:27');
INSERT INTO `Item` VALUES (36, 2, '', '', '# 开放boot-admin监控端点', 35, b'0', 'apollo', '2020-05-15 11:49:27', 'apollo', '2020-05-15 11:49:27');
INSERT INTO `Item` VALUES (37, 2, 'management.endpoint.shutdown.enabled', 'true', '', 36, b'0', 'apollo', '2020-05-15 11:49:27', 'apollo', '2020-05-15 11:49:27');
INSERT INTO `Item` VALUES (38, 2, 'management.endpoints.web.exposure.include', '*', '', 37, b'0', 'apollo', '2020-05-15 11:49:27', 'apollo', '2020-05-15 11:49:27');
INSERT INTO `Item` VALUES (39, 2, 'management.endpoint.health.show-details', 'always', '', 38, b'0', 'apollo', '2020-05-15 11:49:27', 'apollo', '2020-05-15 11:49:27');
INSERT INTO `Item` VALUES (40, 2, '', '', '## rabbitmq', 39, b'0', 'apollo', '2020-05-15 11:49:27', 'apollo', '2020-05-15 11:49:27');
INSERT INTO `Item` VALUES (41, 2, 'spring.rabbitmq.host', '172.20.0.6', '', 40, b'0', 'apollo', '2020-05-15 11:49:27', 'apollo', '2020-05-18 17:23:02');
INSERT INTO `Item` VALUES (42, 2, 'spring.rabbitmq.port', '5672', '', 41, b'0', 'apollo', '2020-05-15 11:49:27', 'apollo', '2020-05-15 11:49:27');
INSERT INTO `Item` VALUES (43, 2, 'spring.rabbitmq.username', 'waynechu', '', 42, b'0', 'apollo', '2020-05-15 11:49:27', 'apollo', '2020-05-15 11:49:27');
INSERT INTO `Item` VALUES (44, 2, 'spring.rabbitmq.password', '123456', '', 43, b'0', 'apollo', '2020-05-15 11:49:27', 'apollo', '2020-05-15 11:49:27');
INSERT INTO `Item` VALUES (45, 2, 'spring.rabbitmq.virtual-host', '/dev', '', 44, b'0', 'apollo', '2020-05-15 11:49:27', 'apollo', '2020-05-15 11:49:27');
INSERT INTO `Item` VALUES (46, 2, 'spring.rabbitmq.publisher-confirm-type', 'correlated', '', 45, b'0', 'apollo', '2020-05-15 11:49:27', 'apollo', '2020-05-15 11:49:27');
INSERT INTO `Item` VALUES (47, 2, 'spring.rabbitmq.publisher-returns', 'true', '', 46, b'0', 'apollo', '2020-05-15 11:49:27', 'apollo', '2020-05-15 11:49:27');
INSERT INTO `Item` VALUES (48, 2, 'spring.rabbitmq.template.mandatory', 'true', '', 47, b'0', 'apollo', '2020-05-15 11:49:27', 'apollo', '2020-05-15 11:49:27');
INSERT INTO `Item` VALUES (49, 2, '', '', '## elk-rabbitmq', 48, b'0', 'apollo', '2020-05-15 11:49:27', 'apollo', '2020-05-15 11:49:27');
INSERT INTO `Item` VALUES (50, 2, 'elk.rabbitmq.enable', 'false', '', 49, b'0', 'apollo', '2020-05-15 11:49:27', 'apollo', '2020-05-15 11:49:27');
INSERT INTO `Item` VALUES (51, 2, 'elk.rabbitmq.host', '${spring.rabbitmq.host}', '', 50, b'0', 'apollo', '2020-05-15 11:49:27', 'apollo', '2020-05-15 11:49:27');
INSERT INTO `Item` VALUES (52, 2, 'elk.rabbitmq.port', '${spring.rabbitmq.port}', '', 51, b'0', 'apollo', '2020-05-15 11:49:27', 'apollo', '2020-05-15 11:49:27');
INSERT INTO `Item` VALUES (53, 2, 'elk.rabbitmq.username', '${spring.rabbitmq.username}', '', 52, b'0', 'apollo', '2020-05-15 11:49:27', 'apollo', '2020-05-15 11:49:27');
INSERT INTO `Item` VALUES (54, 2, 'elk.rabbitmq.password', '${spring.rabbitmq.password}', '', 53, b'0', 'apollo', '2020-05-15 11:49:27', 'apollo', '2020-05-15 11:49:27');
INSERT INTO `Item` VALUES (55, 2, 'elk.rabbitmq.application-id', '${spring.application.name}', '', 54, b'0', 'apollo', '2020-05-15 11:49:27', 'apollo', '2020-05-15 11:49:27');
INSERT INTO `Item` VALUES (56, 2, 'elk.rabbitmq.virtual-host', '/logback', '', 55, b'0', 'apollo', '2020-05-15 11:49:27', 'apollo', '2020-05-15 11:49:27');
INSERT INTO `Item` VALUES (57, 2, 'elk.rabbitmq.exchange', 'topic.loggingExchange', '', 56, b'0', 'apollo', '2020-05-15 11:49:27', 'apollo', '2020-05-15 11:49:27');
INSERT INTO `Item` VALUES (58, 2, 'elk.rabbitmq.routing-key', 'logback.#', '', 57, b'0', 'apollo', '2020-05-15 11:49:27', 'apollo', '2020-05-15 11:49:27');
INSERT INTO `Item` VALUES (59, 2, 'elk.rabbitmq.connection-name', 'biz|${spring.application.name}', '', 58, b'0', 'apollo', '2020-05-15 11:49:27', 'apollo', '2020-05-15 11:49:27');
INSERT INTO `Item` VALUES (60, 2, '', '', '### elk-kafka', 59, b'0', 'apollo', '2020-05-15 11:49:27', 'apollo', '2020-05-15 11:49:27');
INSERT INTO `Item` VALUES (61, 2, '', '', '#elk.kafka.enable=false', 60, b'0', 'apollo', '2020-05-15 11:49:27', 'apollo', '2020-05-15 11:49:27');
INSERT INTO `Item` VALUES (62, 2, '', '', '#elk.kafka.host=localhost', 61, b'0', 'apollo', '2020-05-15 11:49:27', 'apollo', '2020-05-15 11:49:27');
INSERT INTO `Item` VALUES (63, 2, '', '', '#elk.kafka.port=9092', 62, b'0', 'apollo', '2020-05-15 11:49:27', 'apollo', '2020-05-15 11:49:27');
INSERT INTO `Item` VALUES (64, 2, '', '', '#elk.kafka.topic=logback', 63, b'0', 'apollo', '2020-05-15 11:49:27', 'apollo', '2020-05-15 11:49:27');
INSERT INTO `Item` VALUES (65, 2, '', '', '## sentry', 64, b'0', 'apollo', '2020-05-15 11:49:27', 'apollo', '2020-05-15 11:49:27');
INSERT INTO `Item` VALUES (66, 2, 'sentry.enable', 'true', '', 65, b'0', 'apollo', '2020-05-15 11:49:27', 'apollo', '2020-05-15 11:49:27');
INSERT INTO `Item` VALUES (67, 2, 'sentry.dsn', 'http://a1c395c85d244742ae2a50b90f1535b8@localhost:9000/2', '', 66, b'0', 'apollo', '2020-05-15 11:49:27', 'apollo', '2020-05-15 11:49:27');
INSERT INTO `Item` VALUES (68, 2, 'sentry.stacktrace-app-packages', '', '', 67, b'0', 'apollo', '2020-05-15 11:49:27', 'apollo', '2020-05-15 11:49:27');
INSERT INTO `Item` VALUES (69, 7, '', '', '## eureka', 1, b'0', 'apollo', '2020-05-15 14:44:47', 'apollo', '2020-05-15 14:44:47');
INSERT INTO `Item` VALUES (70, 7, 'eureka.instance.prefer-ip-address', 'true', '', 2, b'0', 'apollo', '2020-05-15 14:44:47', 'apollo', '2020-05-15 14:44:47');
INSERT INTO `Item` VALUES (71, 7, 'eureka.instance.lease-renewal-interval-in-seconds', '30', '', 3, b'0', 'apollo', '2020-05-15 14:44:47', 'apollo', '2020-05-15 14:44:47');
INSERT INTO `Item` VALUES (72, 7, 'eureka.instance.lease-expiration-duration-in-seconds', '90', '', 4, b'0', 'apollo', '2020-05-15 14:44:47', 'apollo', '2020-05-15 14:44:47');
INSERT INTO `Item` VALUES (73, 7, 'eureka.instance.metadata-map.startup', '${random.int}', '', 5, b'0', 'apollo', '2020-05-15 14:44:47', 'apollo', '2020-05-15 14:44:47');
INSERT INTO `Item` VALUES (74, 7, 'eureka.client.register-with-eureka', 'true', '', 6, b'0', 'apollo', '2020-05-15 14:44:47', 'apollo', '2020-05-15 14:44:47');
INSERT INTO `Item` VALUES (75, 7, 'eureka.client.fetch-registry', 'true', '', 7, b'0', 'apollo', '2020-05-15 14:44:47', 'apollo', '2020-05-15 14:44:47');
INSERT INTO `Item` VALUES (76, 7, 'eureka.client.healthcheck.enabled', 'true', '', 8, b'0', 'apollo', '2020-05-15 14:44:47', 'apollo', '2020-05-15 14:44:47');
INSERT INTO `Item` VALUES (77, 7, 'eureka.client.service-url.defaultZone', 'http://admin:123456@localhost:9001/eureka/,http://admin:123456@localhost:9002/eureka/', '', 9, b'1', 'apollo', '2020-05-15 14:44:47', 'apollo', '2020-05-18 18:00:27');
INSERT INTO `Item` VALUES (78, 7, 'eureka.client.registry-fetch-interval-seconds', '5', '', 10, b'0', 'apollo', '2020-05-15 14:44:47', 'apollo', '2020-05-15 14:44:47');
INSERT INTO `Item` VALUES (79, 7, '', '', '## feign', 11, b'0', 'apollo', '2020-05-15 14:44:47', 'apollo', '2020-05-15 14:44:47');
INSERT INTO `Item` VALUES (80, 7, 'feign.compression.request.enabled', 'true', '', 12, b'0', 'apollo', '2020-05-15 14:44:47', 'apollo', '2020-05-15 14:44:47');
INSERT INTO `Item` VALUES (81, 7, 'feign.compression.response.enabled', 'true', '', 13, b'0', 'apollo', '2020-05-15 14:44:47', 'apollo', '2020-05-15 14:44:47');
INSERT INTO `Item` VALUES (82, 7, 'feign.compression.request.mime-types', 'text/xml,application/xml,application/json', '', 14, b'0', 'apollo', '2020-05-15 14:44:47', 'apollo', '2020-05-15 14:44:47');
INSERT INTO `Item` VALUES (83, 7, 'feign.compression.request.min-request-size', '2048', '', 15, b'0', 'apollo', '2020-05-15 14:44:47', 'apollo', '2020-05-15 14:44:47');
INSERT INTO `Item` VALUES (84, 7, 'feign.client.config.github-client.loggerLevel', 'full', '', 16, b'0', 'apollo', '2020-05-15 14:44:47', 'apollo', '2020-05-15 14:44:47');
INSERT INTO `Item` VALUES (85, 7, 'feign.client.config.github-client.connectTimeout', '5000', '', 17, b'0', 'apollo', '2020-05-15 14:44:47', 'apollo', '2020-05-15 14:44:47');
INSERT INTO `Item` VALUES (86, 7, 'feign.client.config.github-client.readTimeout', '5000', '', 18, b'0', 'apollo', '2020-05-15 14:44:47', 'apollo', '2020-05-15 14:44:47');
INSERT INTO `Item` VALUES (87, 7, 'feign.hystrix.enabled', 'true', '', 19, b'0', 'apollo', '2020-05-15 14:44:47', 'apollo', '2020-05-15 14:44:47');
INSERT INTO `Item` VALUES (88, 7, '', '', '## hystrix', 20, b'0', 'apollo', '2020-05-15 14:44:47', 'apollo', '2020-05-15 14:44:47');
INSERT INTO `Item` VALUES (89, 7, 'hystrix.command.default.execution.isolation.strategy', 'SEMAPHORE', '', 21, b'0', 'apollo', '2020-05-15 14:44:47', 'apollo', '2020-05-15 14:44:47');
INSERT INTO `Item` VALUES (90, 7, 'hystrix.command.default.execution.isolation.thread.timeoutInMilliseconds', '30000', '', 22, b'0', 'apollo', '2020-05-15 14:44:47', 'apollo', '2020-05-15 14:44:47');
INSERT INTO `Item` VALUES (91, 7, 'hystrix.command.default.execution.isolation.semaphore.maxConcurrentRequests', '1000', '', 23, b'0', 'apollo', '2020-05-15 14:44:47', 'apollo', '2020-05-15 14:44:47');
INSERT INTO `Item` VALUES (92, 7, 'hystrix.command.default.fallback.isolation.semaphore.maxConcurrentRequests', '500', '', 24, b'0', 'apollo', '2020-05-15 14:44:47', 'apollo', '2020-05-15 14:44:47');
INSERT INTO `Item` VALUES (93, 7, 'hystrix.command.default.circuitBreaker.requestVolumeThreshold', '1000', '', 25, b'0', 'apollo', '2020-05-15 14:44:47', 'apollo', '2020-05-15 14:44:47');
INSERT INTO `Item` VALUES (94, 7, 'hystrix.threadpool.default.coreSize', '500', '', 26, b'0', 'apollo', '2020-05-15 14:44:47', 'apollo', '2020-05-15 14:44:47');
INSERT INTO `Item` VALUES (95, 7, 'hystrix.threadpool.default.maxQueueSize', '1000', '', 27, b'0', 'apollo', '2020-05-15 14:44:47', 'apollo', '2020-05-15 14:44:47');
INSERT INTO `Item` VALUES (96, 7, 'hystrix.threadpool.default.queueSizeRejectionThreshold', '1000', '', 28, b'0', 'apollo', '2020-05-15 14:44:47', 'apollo', '2020-05-15 14:44:47');
INSERT INTO `Item` VALUES (97, 7, 'hystrix.threadpool.default.keepAliveTimeMinutes', '1', '', 29, b'0', 'apollo', '2020-05-15 14:44:47', 'apollo', '2020-05-15 14:44:47');
INSERT INTO `Item` VALUES (98, 7, '', '', '## ribbon', 30, b'0', 'apollo', '2020-05-15 14:44:47', 'apollo', '2020-05-15 14:44:47');
INSERT INTO `Item` VALUES (99, 7, 'ribbon.ConnectTimeout', '5000', '', 31, b'0', 'apollo', '2020-05-15 14:44:47', 'apollo', '2020-05-15 14:44:47');
INSERT INTO `Item` VALUES (100, 7, 'ribbon.ReadTimeout', '10000', '', 32, b'0', 'apollo', '2020-05-15 14:44:47', 'apollo', '2020-05-15 14:44:47');
INSERT INTO `Item` VALUES (101, 7, 'ribbon.okToRetryOnAllOperations', 'false', '', 33, b'0', 'apollo', '2020-05-15 14:44:47', 'apollo', '2020-05-15 14:44:47');
INSERT INTO `Item` VALUES (102, 7, 'ribbon.retryableStatusCodes', '404,502', '', 34, b'0', 'apollo', '2020-05-15 14:44:47', 'apollo', '2020-05-15 14:44:47');
INSERT INTO `Item` VALUES (103, 7, 'ribbon.okToRetryOnConnectErrors', 'true', '', 35, b'0', 'apollo', '2020-05-15 14:44:47', 'apollo', '2020-05-15 14:44:47');
INSERT INTO `Item` VALUES (104, 7, 'ribbon.MaxAutoRetries', '1', '', 36, b'0', 'apollo', '2020-05-15 14:44:47', 'apollo', '2020-05-15 14:44:47');
INSERT INTO `Item` VALUES (105, 7, 'ribbon.MaxAutoRetriesNextServer', '1', '', 37, b'0', 'apollo', '2020-05-15 14:44:47', 'apollo', '2020-05-15 14:44:47');
INSERT INTO `Item` VALUES (106, 7, 'ribbon.ServerListRefreshInterval', '3000', '', 38, b'0', 'apollo', '2020-05-15 14:44:47', 'apollo', '2020-05-15 14:44:47');
INSERT INTO `Item` VALUES (107, 7, '', '', '## endpoint', 39, b'0', 'apollo', '2020-05-15 14:44:47', 'apollo', '2020-05-15 14:44:47');
INSERT INTO `Item` VALUES (108, 7, 'management.endpoint.shutdown.enabled', 'true', '', 40, b'0', 'apollo', '2020-05-15 14:44:47', 'apollo', '2020-05-15 14:44:47');
INSERT INTO `Item` VALUES (109, 7, 'management.endpoints.web.exposure.include', '*', '', 41, b'0', 'apollo', '2020-05-15 14:44:47', 'apollo', '2020-05-15 14:44:47');
INSERT INTO `Item` VALUES (110, 7, 'management.endpoint.health.show-details', 'always', '', 42, b'0', 'apollo', '2020-05-15 14:44:47', 'apollo', '2020-05-15 14:44:47');
INSERT INTO `Item` VALUES (111, 7, '', '', '## rabbitmq', 43, b'0', 'apollo', '2020-05-15 14:44:47', 'apollo', '2020-05-15 14:44:47');
INSERT INTO `Item` VALUES (112, 7, 'spring.rabbitmq.host', '172.20.0.6', '', 44, b'0', 'apollo', '2020-05-15 14:44:47', 'apollo', '2020-05-18 18:00:27');
INSERT INTO `Item` VALUES (113, 7, 'spring.rabbitmq.port', '5672', '', 45, b'0', 'apollo', '2020-05-15 14:44:47', 'apollo', '2020-05-15 14:44:47');
INSERT INTO `Item` VALUES (114, 7, 'spring.rabbitmq.username', 'waynechu', '', 46, b'0', 'apollo', '2020-05-15 14:44:47', 'apollo', '2020-05-15 14:44:47');
INSERT INTO `Item` VALUES (115, 7, 'spring.rabbitmq.password', '123456', '', 47, b'0', 'apollo', '2020-05-15 14:44:47', 'apollo', '2020-05-15 14:44:47');
INSERT INTO `Item` VALUES (116, 7, 'spring.rabbitmq.virtual-host', '/dev', '', 48, b'0', 'apollo', '2020-05-15 14:44:47', 'apollo', '2020-05-15 14:44:47');
INSERT INTO `Item` VALUES (117, 7, 'spring.rabbitmq.publisher-confirm-type', 'correlated', '', 49, b'0', 'apollo', '2020-05-15 14:44:47', 'apollo', '2020-05-15 14:44:47');
INSERT INTO `Item` VALUES (118, 7, 'spring.rabbitmq.publisher-returns', 'true', '', 50, b'0', 'apollo', '2020-05-15 14:44:47', 'apollo', '2020-05-15 14:44:47');
INSERT INTO `Item` VALUES (119, 7, 'spring.rabbitmq.template.mandatory', 'true', '', 51, b'0', 'apollo', '2020-05-15 14:44:47', 'apollo', '2020-05-15 14:44:47');
INSERT INTO `Item` VALUES (120, 7, '', '', '## elk-rabbit', 52, b'0', 'apollo', '2020-05-15 14:44:47', 'apollo', '2020-05-15 14:44:47');
INSERT INTO `Item` VALUES (121, 7, 'elk.rabbitmq.enable', 'false', '', 53, b'0', 'apollo', '2020-05-15 14:44:47', 'apollo', '2020-05-15 14:44:47');
INSERT INTO `Item` VALUES (122, 7, 'elk.rabbitmq.host', '${spring.rabbitmq.host}', '', 54, b'0', 'apollo', '2020-05-15 14:44:47', 'apollo', '2020-05-15 14:44:47');
INSERT INTO `Item` VALUES (123, 7, 'elk.rabbitmq.port', '${spring.rabbitmq.port}', '', 55, b'0', 'apollo', '2020-05-15 14:44:47', 'apollo', '2020-05-15 14:44:47');
INSERT INTO `Item` VALUES (124, 7, 'elk.rabbitmq.username', '${spring.rabbitmq.username}', '', 56, b'0', 'apollo', '2020-05-15 14:44:47', 'apollo', '2020-05-15 14:44:47');
INSERT INTO `Item` VALUES (125, 7, 'elk.rabbitmq.password', '${spring.rabbitmq.password}', '', 57, b'0', 'apollo', '2020-05-15 14:44:47', 'apollo', '2020-05-15 14:44:47');
INSERT INTO `Item` VALUES (126, 7, 'elk.rabbitmq.application-id', '${spring.application.name}', '', 58, b'0', 'apollo', '2020-05-15 14:44:47', 'apollo', '2020-05-15 14:44:47');
INSERT INTO `Item` VALUES (127, 7, 'elk.rabbitmq.virtual-host', '/logback', '', 59, b'0', 'apollo', '2020-05-15 14:44:47', 'apollo', '2020-05-15 14:44:47');
INSERT INTO `Item` VALUES (128, 7, 'elk.rabbitmq.exchange', 'topic.loggingExchange', '', 60, b'0', 'apollo', '2020-05-15 14:44:47', 'apollo', '2020-05-15 14:44:47');
INSERT INTO `Item` VALUES (129, 7, 'elk.rabbitmq.routing-key', 'logback.#', '', 61, b'0', 'apollo', '2020-05-15 14:44:47', 'apollo', '2020-05-15 14:44:47');
INSERT INTO `Item` VALUES (130, 7, 'elk.rabbitmq.connection-name', 'biz|${spring.application.name}', '', 62, b'0', 'apollo', '2020-05-15 14:44:47', 'apollo', '2020-05-15 14:44:47');
INSERT INTO `Item` VALUES (131, 7, '', '', '### elk-kafka', 63, b'0', 'apollo', '2020-05-15 14:44:47', 'apollo', '2020-05-15 14:44:47');
INSERT INTO `Item` VALUES (132, 7, '', '', '#elk.kafka.enable=false', 64, b'0', 'apollo', '2020-05-15 14:44:47', 'apollo', '2020-05-15 14:44:47');
INSERT INTO `Item` VALUES (133, 7, '', '', '#elk.kafka.host=localhost', 65, b'0', 'apollo', '2020-05-15 14:44:47', 'apollo', '2020-05-15 14:44:47');
INSERT INTO `Item` VALUES (134, 7, '', '', '#elk.kafka.port=9092', 66, b'0', 'apollo', '2020-05-15 14:44:47', 'apollo', '2020-05-15 14:44:47');
INSERT INTO `Item` VALUES (135, 7, '', '', '#elk.kafka.topic=logback', 67, b'0', 'apollo', '2020-05-15 14:44:47', 'apollo', '2020-05-15 14:44:47');
INSERT INTO `Item` VALUES (136, 7, '', '', '## spring-redis', 68, b'0', 'apollo', '2020-05-15 14:44:47', 'apollo', '2020-05-15 14:44:47');
INSERT INTO `Item` VALUES (137, 7, 'spring.redis.database', '0', '', 69, b'0', 'apollo', '2020-05-15 14:44:47', 'apollo', '2020-05-15 14:44:47');
INSERT INTO `Item` VALUES (138, 7, 'spring.redis.host', '172.20.0.5', '', 70, b'0', 'apollo', '2020-05-15 14:44:47', 'apollo', '2020-05-18 18:00:27');
INSERT INTO `Item` VALUES (139, 7, 'spring.redis.port', '6379', '', 71, b'0', 'apollo', '2020-05-15 14:44:47', 'apollo', '2020-05-15 14:44:47');
INSERT INTO `Item` VALUES (140, 7, 'spring.redis.password', '123456', '', 72, b'0', 'apollo', '2020-05-15 14:44:47', 'apollo', '2020-05-15 14:44:47');
INSERT INTO `Item` VALUES (141, 7, '', '', '## jetcache', 73, b'0', 'apollo', '2020-05-15 14:44:47', 'apollo', '2020-05-15 14:44:47');
INSERT INTO `Item` VALUES (142, 7, 'jetcache.statIntervalMinutes', '15', '', 74, b'0', 'apollo', '2020-05-15 14:44:47', 'apollo', '2020-05-15 14:44:47');
INSERT INTO `Item` VALUES (143, 7, 'jetcache.areaInCacheName', 'false', '', 75, b'0', 'apollo', '2020-05-15 14:44:47', 'apollo', '2020-05-15 14:44:47');
INSERT INTO `Item` VALUES (144, 7, 'jetcache.local.default.type', 'linkedhashmap', '', 76, b'0', 'apollo', '2020-05-15 14:44:47', 'apollo', '2020-05-15 14:44:47');
INSERT INTO `Item` VALUES (145, 7, 'jetcache.local.default.keyConvertor', 'fastjson', '', 77, b'0', 'apollo', '2020-05-15 14:44:47', 'apollo', '2020-05-15 14:44:47');
INSERT INTO `Item` VALUES (146, 7, 'jetcache.local.default.limit', '100', '', 78, b'0', 'apollo', '2020-05-15 14:44:47', 'apollo', '2020-05-15 14:44:47');
INSERT INTO `Item` VALUES (147, 7, 'jetcache.remote.default.type', 'redis.lettuce', '', 79, b'0', 'apollo', '2020-05-15 14:44:47', 'apollo', '2020-05-15 14:44:47');
INSERT INTO `Item` VALUES (148, 7, 'jetcache.remote.default.keyPrefix', 'prd.waynechu.cn', '', 80, b'0', 'apollo', '2020-05-15 14:44:47', 'apollo', '2020-05-18 18:00:27');
INSERT INTO `Item` VALUES (149, 7, 'jetcache.remote.default.keyConvertor', 'fastjson', '', 81, b'0', 'apollo', '2020-05-15 14:44:47', 'apollo', '2020-05-15 14:44:47');
INSERT INTO `Item` VALUES (150, 7, 'jetcache.remote.default.valueEncoder', 'java', '', 82, b'0', 'apollo', '2020-05-15 14:44:47', 'apollo', '2020-05-15 14:44:47');
INSERT INTO `Item` VALUES (151, 7, 'jetcache.remote.default.valueDecoder', 'java', '', 83, b'0', 'apollo', '2020-05-15 14:44:47', 'apollo', '2020-05-15 14:44:47');
INSERT INTO `Item` VALUES (152, 7, 'jetcache.remote.default.poolConfig.minIdle', '5', '', 84, b'0', 'apollo', '2020-05-15 14:44:47', 'apollo', '2020-05-15 14:44:47');
INSERT INTO `Item` VALUES (153, 7, 'jetcache.remote.default.poolConfig.maxIdle', '20', '', 85, b'0', 'apollo', '2020-05-15 14:44:47', 'apollo', '2020-05-15 14:44:47');
INSERT INTO `Item` VALUES (154, 7, 'jetcache.remote.default.poolConfig.maxTotal', '50', '', 86, b'0', 'apollo', '2020-05-15 14:44:47', 'apollo', '2020-05-15 14:44:47');
INSERT INTO `Item` VALUES (155, 7, 'jetcache.remote.default.uri', 'redis://${spring.redis.password}@${spring.redis.host}:${spring.redis.port}', '', 87, b'0', 'apollo', '2020-05-15 14:44:47', 'apollo', '2020-05-15 14:44:47');
INSERT INTO `Item` VALUES (156, 7, '', '', '## mybatis-plus', 88, b'0', 'apollo', '2020-05-15 14:44:47', 'apollo', '2020-05-15 14:44:47');
INSERT INTO `Item` VALUES (157, 7, 'mybatis-plus.mapper-locations', 'classpath:sqlmap/**/*Mapper.xml', '', 89, b'0', 'apollo', '2020-05-15 14:44:47', 'apollo', '2020-05-15 14:44:47');
INSERT INTO `Item` VALUES (158, 7, 'mybatis-plus.configuration.cache-enabled', 'false', '', 90, b'0', 'apollo', '2020-05-15 14:44:47', 'apollo', '2020-05-15 14:44:47');
INSERT INTO `Item` VALUES (159, 7, 'mybatis-plus.configuration.map-underscore-to-camel-case', 'true', '', 91, b'0', 'apollo', '2020-05-15 14:44:47', 'apollo', '2020-05-15 14:44:47');
INSERT INTO `Item` VALUES (160, 7, 'mybatis-plus.configuration.use-generated-keys', 'true', '', 92, b'0', 'apollo', '2020-05-15 14:44:47', 'apollo', '2020-05-15 14:44:47');
INSERT INTO `Item` VALUES (161, 7, 'mybatis-plus.configuration.log-impl', 'org.apache.ibatis.logging.stdout.StdOutImpl', '', 93, b'0', 'apollo', '2020-05-15 14:44:47', 'apollo', '2020-05-15 14:44:47');
INSERT INTO `Item` VALUES (162, 5, '', '', '## api-starter', 1, b'0', 'apollo', '2020-05-15 15:09:04', 'apollo', '2020-05-15 15:09:04');
INSERT INTO `Item` VALUES (163, 5, '', '', '### swagger', 2, b'0', 'apollo', '2020-05-15 15:09:04', 'apollo', '2020-05-15 15:09:04');
INSERT INTO `Item` VALUES (164, 5, 'biz.api.starter.swagger.enable', 'true', '', 3, b'0', 'apollo', '2020-05-15 15:09:04', 'apollo', '2020-05-15 15:09:04');
INSERT INTO `Item` VALUES (165, 5, 'biz.api.starter.swagger.api-title', '订单服务', '', 4, b'0', 'apollo', '2020-05-15 15:09:04', 'apollo', '2020-05-15 15:11:20');
INSERT INTO `Item` VALUES (166, 5, 'biz.api.starter.swagger.api-description', '订单服务相关接口', '', 5, b'0', 'apollo', '2020-05-15 15:09:04', 'apollo', '2020-05-15 15:09:04');
INSERT INTO `Item` VALUES (167, 5, 'biz.api.starter.swagger.api-version', '1.0.0', '', 6, b'0', 'apollo', '2020-05-15 15:09:04', 'apollo', '2020-05-15 15:09:04');
INSERT INTO `Item` VALUES (168, 5, 'biz.api.starter.swagger.scan-package', 'com.waynechu', '', 7, b'0', 'apollo', '2020-05-15 15:09:04', 'apollo', '2020-05-15 15:09:04');
INSERT INTO `Item` VALUES (169, 5, 'biz.api.starter.swagger.contact-name', 'waynechu', '', 8, b'0', 'apollo', '2020-05-15 15:09:04', 'apollo', '2020-05-15 15:09:04');
INSERT INTO `Item` VALUES (170, 5, 'biz.api.starter.swagger.contact-url', 'www.waynechu.cn', '', 9, b'0', 'apollo', '2020-05-15 15:09:04', 'apollo', '2020-05-15 15:09:04');
INSERT INTO `Item` VALUES (171, 5, 'biz.api.starter.swagger.contact-email', 'waynechu@waynechu.cn', '', 10, b'0', 'apollo', '2020-05-15 15:09:05', 'apollo', '2020-05-15 15:09:05');
INSERT INTO `Item` VALUES (172, 5, 'biz.api.starter.distributed-lock.enable', 'true', '', 11, b'0', 'apollo', '2020-05-15 15:09:05', 'apollo', '2020-05-15 15:09:05');
INSERT INTO `Item` VALUES (173, 5, 'biz.api.starter.distributed-lock.prefix', 'prd.waynechu.cn', '', 12, b'0', 'apollo', '2020-05-15 15:09:05', 'apollo', '2020-05-18 17:57:40');
INSERT INTO `Item` VALUES (174, 5, '', '', '## sentry', 13, b'0', 'apollo', '2020-05-15 15:09:05', 'apollo', '2020-05-15 15:09:05');
INSERT INTO `Item` VALUES (175, 5, 'sentry.enable', 'true', '', 14, b'0', 'apollo', '2020-05-15 15:09:05', 'apollo', '2020-05-15 15:09:05');
INSERT INTO `Item` VALUES (176, 5, 'sentry.dsn', 'http://a1c395c85d244742ae2a50b90f1535b8@localhost:9000/2', '', 15, b'0', 'apollo', '2020-05-15 15:09:05', 'apollo', '2020-05-15 15:09:05');
INSERT INTO `Item` VALUES (177, 5, 'sentry.stacktrace-app-packages', '', '', 16, b'0', 'apollo', '2020-05-15 15:09:05', 'apollo', '2020-05-15 15:09:05');
INSERT INTO `Item` VALUES (178, 5, '', '', '## dynamic datasource', 17, b'0', 'apollo', '2020-05-15 15:09:05', 'apollo', '2020-05-15 15:09:05');
INSERT INTO `Item` VALUES (179, 5, '', '', '### 打印动态数据源执行情况', 18, b'0', 'apollo', '2020-05-15 15:09:05', 'apollo', '2020-05-15 15:09:05');
INSERT INTO `Item` VALUES (180, 5, 'spring.datasource.dynamic.logger-enable', 'true', '', 19, b'0', 'apollo', '2020-05-15 15:09:05', 'apollo', '2020-05-15 15:09:05');
INSERT INTO `Item` VALUES (181, 5, '', '', '### 设置动态数据源选择策略。不配置默认使用轮询策略', 20, b'0', 'apollo', '2020-05-15 15:09:05', 'apollo', '2020-05-15 15:09:05');
INSERT INTO `Item` VALUES (182, 5, 'spring.datasource.dynamic.strategy', 'cn.waynechu.bootstarter.dynamicdatasource.strategy.RoundRobinDynamicDataSourceStrategy', '', 21, b'0', 'apollo', '2020-05-15 15:09:05', 'apollo', '2020-05-15 15:09:05');
INSERT INTO `Item` VALUES (183, 5, '', '', '### 设置Druid密码加密公钥', 22, b'0', 'apollo', '2020-05-15 15:09:05', 'apollo', '2020-05-15 15:09:05');
INSERT INTO `Item` VALUES (184, 5, 'spring.datasource.dynamic.druid.public-key', 'MFwwDQYJKoZIhvcNAQEBBQADSwAwSAJBAIxH6Gne6flG+enZOeGsbg4hoiGFi1ORqvsi8EzlObP3Gz/NVQpJACcBidowsWolaYKyfv8jHUClNja3GCE2x+kCAwEAAQ==', '', 23, b'0', 'apollo', '2020-05-15 15:09:05', 'apollo', '2020-05-15 15:09:05');
INSERT INTO `Item` VALUES (185, 5, '', '', '### 开启stat后台监控页面', 24, b'0', 'apollo', '2020-05-15 15:09:05', 'apollo', '2020-05-15 15:09:05');
INSERT INTO `Item` VALUES (186, 5, 'spring.datasource.dynamic.druid.stat-view-servlet.enabled', 'true', '', 25, b'0', 'apollo', '2020-05-15 15:09:05', 'apollo', '2020-05-15 15:09:05');
INSERT INTO `Item` VALUES (187, 5, 'spring.datasource.dynamic.druid.stat-view-servlet.login-username', 'admin', '', 26, b'0', 'apollo', '2020-05-15 15:09:05', 'apollo', '2020-05-15 15:09:05');
INSERT INTO `Item` VALUES (188, 5, 'spring.datasource.dynamic.druid.stat-view-servlet.login-password', '123456', '', 27, b'0', 'apollo', '2020-05-15 15:09:05', 'apollo', '2020-05-15 15:09:05');
INSERT INTO `Item` VALUES (189, 5, '', '', '### 打开SQL监控、防火墙监控', 28, b'0', 'apollo', '2020-05-15 15:09:05', 'apollo', '2020-05-15 15:09:05');
INSERT INTO `Item` VALUES (190, 5, 'spring.datasource.dynamic.druid.filters', 'stat,wall', '', 29, b'0', 'apollo', '2020-05-15 15:09:05', 'apollo', '2020-05-15 15:09:05');
INSERT INTO `Item` VALUES (191, 5, '', '', '### 多数据源SQL合并，开启慢查询日志记录', 30, b'0', 'apollo', '2020-05-15 15:09:05', 'apollo', '2020-05-15 15:09:05');
INSERT INTO `Item` VALUES (192, 5, 'spring.datasource.dynamic.druid.connection-properties.druid.stat.mergeSql', 'true', '', 31, b'0', 'apollo', '2020-05-15 15:09:05', 'apollo', '2020-05-15 15:09:05');
INSERT INTO `Item` VALUES (193, 5, 'spring.datasource.dynamic.druid.connection-properties.druid.stat.slowSqlMillis', '1000', '', 32, b'0', 'apollo', '2020-05-15 15:09:05', 'apollo', '2020-05-15 15:09:05');
INSERT INTO `Item` VALUES (194, 5, 'spring.datasource.dynamic.druid.connection-properties.druid.stat.logSlowSql', 'true', '', 33, b'0', 'apollo', '2020-05-15 15:09:05', 'apollo', '2020-05-15 15:09:05');
INSERT INTO `Item` VALUES (195, 5, '', '', '### 打开Web应用监控', 34, b'0', 'apollo', '2020-05-15 15:09:05', 'apollo', '2020-05-15 15:09:05');
INSERT INTO `Item` VALUES (196, 5, 'spring.datasource.dynamic.druid.web-stat-filter.enabled', 'true', '', 35, b'0', 'apollo', '2020-05-15 15:09:05', 'apollo', '2020-05-15 15:09:05');
INSERT INTO `Item` VALUES (197, 5, '', '', '### 设置Spring监控AOP包路径', 36, b'0', 'apollo', '2020-05-15 15:09:05', 'apollo', '2020-05-15 15:09:05');
INSERT INTO `Item` VALUES (198, 5, 'spring.datasource.dynamic.druid.aop-patterns', 'com.waynechu.order.api.controller.*,com.waynechu.order.domain.service.*', '', 37, b'0', 'apollo', '2020-05-15 15:09:05', 'apollo', '2020-05-15 15:09:05');
INSERT INTO `Item` VALUES (199, 5, '', '', '### 多数据源配置', 38, b'0', 'apollo', '2020-05-15 15:09:05', 'apollo', '2020-05-15 15:09:05');
INSERT INTO `Item` VALUES (200, 5, '', '', '#### order database 订单库', 39, b'0', 'apollo', '2020-05-15 15:09:05', 'apollo', '2020-05-15 15:09:05');
INSERT INTO `Item` VALUES (201, 5, 'spring.datasource.dynamic.datasource.order-master.username', 'root', '', 40, b'0', 'apollo', '2020-05-15 15:09:05', 'apollo', '2020-05-15 15:09:05');
INSERT INTO `Item` VALUES (202, 5, 'spring.datasource.dynamic.datasource.order-master.password', 'LP1lXJ+2jrs+QhjLUJJRv3iALW9dgsoHAWyzVihmGW5Oooiw0Gyhi4nzeRW/JWrTxwUSgxnkt5pcbtppXjtbqA==', '', 41, b'0', 'apollo', '2020-05-15 15:09:05', 'apollo', '2020-05-15 15:09:05');
INSERT INTO `Item` VALUES (203, 5, 'spring.datasource.dynamic.datasource.order-master.url', 'jdbc:mysql://172.20.0.2:3306/order?characterEncoding=utf-8&useSSL=false&serverTimezone=UTC&allowPublicKeyRetrieval=true', '', 42, b'0', 'apollo', '2020-05-15 15:09:05', 'apollo', '2020-05-18 18:05:00');
INSERT INTO `Item` VALUES (204, 5, 'spring.datasource.dynamic.datasource.order-slave1.username', 'root', '', 43, b'0', 'apollo', '2020-05-15 15:09:05', 'apollo', '2020-05-15 15:09:05');
INSERT INTO `Item` VALUES (205, 5, 'spring.datasource.dynamic.datasource.order-slave1.password', 'LP1lXJ+2jrs+QhjLUJJRv3iALW9dgsoHAWyzVihmGW5Oooiw0Gyhi4nzeRW/JWrTxwUSgxnkt5pcbtppXjtbqA==', '', 44, b'0', 'apollo', '2020-05-15 15:09:05', 'apollo', '2020-05-15 15:09:05');
INSERT INTO `Item` VALUES (206, 5, 'spring.datasource.dynamic.datasource.order-slave1.url', 'jdbc:mysql://172.20.0.3:3306/order?characterEncoding=utf-8&useSSL=false&serverTimezone=UTC&allowPublicKeyRetrieval=true', '', 45, b'0', 'apollo', '2020-05-15 15:09:05', 'apollo', '2020-05-18 18:05:25');
INSERT INTO `Item` VALUES (207, 5, 'spring.datasource.dynamic.datasource.order-slave2.username', 'root', '', 46, b'0', 'apollo', '2020-05-15 15:09:05', 'apollo', '2020-05-15 15:09:05');
INSERT INTO `Item` VALUES (208, 5, 'spring.datasource.dynamic.datasource.order-slave2.password', 'LP1lXJ+2jrs+QhjLUJJRv3iALW9dgsoHAWyzVihmGW5Oooiw0Gyhi4nzeRW/JWrTxwUSgxnkt5pcbtppXjtbqA==', '', 47, b'0', 'apollo', '2020-05-15 15:09:05', 'apollo', '2020-05-15 15:09:05');
INSERT INTO `Item` VALUES (209, 5, 'spring.datasource.dynamic.datasource.order-slave2.url', 'jdbc:mysql://172.20.0.4:3306/order?characterEncoding=utf-8&useSSL=false&serverTimezone=UTC&allowPublicKeyRetrieval=true', '', 48, b'0', 'apollo', '2020-05-15 15:09:05', 'apollo', '2020-05-18 18:05:41');
INSERT INTO `Item` VALUES (210, 5, 'apollo.refresh-value', '2', '', 49, b'0', 'apollo', '2020-05-15 15:22:30', 'apollo', '2020-05-15 15:23:29');
INSERT INTO `Item` VALUES (211, 5, 'apollo.refresh-property', 'c', '', 50, b'0', 'apollo', '2020-05-15 15:40:31', 'apollo', '2020-05-18 19:21:14');
INSERT INTO `Item` VALUES (212, 7, '', '', '#eureka.client.service-url.defaultZone = http://admin:123456@localhost:9001/eureka/,http://admin:123456@localhost:9002/eureka/', 9, b'0', 'apollo', '2020-05-18 18:00:27', 'apollo', '2020-05-18 18:00:27');

-- ----------------------------
-- Table structure for Namespace
-- ----------------------------
DROP TABLE IF EXISTS `Namespace`;
CREATE TABLE `Namespace`  (
  `Id` int(10) UNSIGNED NOT NULL AUTO_INCREMENT COMMENT '自增主键',
  `AppId` varchar(500) CHARACTER SET utf8mb4 COLLATE utf8mb4_general_ci NOT NULL DEFAULT 'default' COMMENT 'AppID',
  `ClusterName` varchar(500) CHARACTER SET utf8mb4 COLLATE utf8mb4_general_ci NOT NULL DEFAULT 'default' COMMENT 'Cluster Name',
  `NamespaceName` varchar(500) CHARACTER SET utf8mb4 COLLATE utf8mb4_general_ci NOT NULL DEFAULT 'default' COMMENT 'Namespace Name',
  `IsDeleted` bit(1) NOT NULL DEFAULT b'0' COMMENT '1: deleted, 0: normal',
  `DataChange_CreatedBy` varchar(32) CHARACTER SET utf8mb4 COLLATE utf8mb4_general_ci NOT NULL DEFAULT 'default' COMMENT '创建人邮箱前缀',
  `DataChange_CreatedTime` timestamp(0) NOT NULL DEFAULT CURRENT_TIMESTAMP(0) COMMENT '创建时间',
  `DataChange_LastModifiedBy` varchar(32) CHARACTER SET utf8mb4 COLLATE utf8mb4_general_ci NULL DEFAULT '' COMMENT '最后修改人邮箱前缀',
  `DataChange_LastTime` timestamp(0) NULL DEFAULT CURRENT_TIMESTAMP(0) ON UPDATE CURRENT_TIMESTAMP(0) COMMENT '最后修改时间',
  PRIMARY KEY (`Id`) USING BTREE,
  INDEX `AppId_ClusterName_NamespaceName`(`AppId`(191), `ClusterName`(191), `NamespaceName`(191)) USING BTREE,
  INDEX `DataChange_LastTime`(`DataChange_LastTime`) USING BTREE,
  INDEX `IX_NamespaceName`(`NamespaceName`(191)) USING BTREE
) ENGINE = InnoDB AUTO_INCREMENT = 8 CHARACTER SET = utf8mb4 COLLATE = utf8mb4_general_ci COMMENT = '命名空间' ROW_FORMAT = Dynamic;

-- ----------------------------
-- Records of Namespace
-- ----------------------------
INSERT INTO `Namespace` VALUES (1, 'SampleApp', 'default', 'application', b'1', 'default', '2020-05-15 10:59:43', 'apollo', '2020-05-15 11:09:29');
INSERT INTO `Namespace` VALUES (2, 'biz-spring-cloud-eureka', 'default', 'application', b'0', 'apollo', '2020-05-15 11:48:50', 'apollo', '2020-05-15 11:48:50');
INSERT INTO `Namespace` VALUES (3, 'biz-spring-cloud-gateway', 'default', 'application', b'0', 'apollo', '2020-05-15 14:18:07', 'apollo', '2020-05-15 14:18:07');
INSERT INTO `Namespace` VALUES (4, 'service-utility', 'default', 'application', b'0', 'apollo', '2020-05-15 14:22:26', 'apollo', '2020-05-15 14:22:26');
INSERT INTO `Namespace` VALUES (5, 'service-order', 'default', 'application', b'0', 'apollo', '2020-05-15 14:22:50', 'apollo', '2020-05-15 14:22:50');
INSERT INTO `Namespace` VALUES (6, 'biz-spring-cloud-public', 'default', 'application', b'0', 'apollo', '2020-05-15 14:25:36', 'apollo', '2020-05-15 14:25:36');
INSERT INTO `Namespace` VALUES (7, 'biz-spring-cloud-public', 'default', 'Archer.biz-spring-cloud-public', b'0', 'apollo', '2020-05-15 14:26:03', 'apollo', '2020-05-15 14:26:03');

-- ----------------------------
-- Table structure for NamespaceLock
-- ----------------------------
DROP TABLE IF EXISTS `NamespaceLock`;
CREATE TABLE `NamespaceLock`  (
  `Id` int(11) UNSIGNED NOT NULL AUTO_INCREMENT COMMENT '自增id',
  `NamespaceId` int(10) UNSIGNED NOT NULL DEFAULT 0 COMMENT '集群NamespaceId',
  `DataChange_CreatedBy` varchar(32) CHARACTER SET utf8mb4 COLLATE utf8mb4_general_ci NOT NULL DEFAULT 'default' COMMENT '创建人邮箱前缀',
  `DataChange_CreatedTime` timestamp(0) NOT NULL DEFAULT CURRENT_TIMESTAMP(0) COMMENT '创建时间',
  `DataChange_LastModifiedBy` varchar(32) CHARACTER SET utf8mb4 COLLATE utf8mb4_general_ci NULL DEFAULT 'default' COMMENT '最后修改人邮箱前缀',
  `DataChange_LastTime` timestamp(0) NULL DEFAULT CURRENT_TIMESTAMP(0) ON UPDATE CURRENT_TIMESTAMP(0) COMMENT '最后修改时间',
  `IsDeleted` bit(1) NULL DEFAULT b'0' COMMENT '软删除',
  PRIMARY KEY (`Id`) USING BTREE,
  UNIQUE INDEX `IX_NamespaceId`(`NamespaceId`) USING BTREE,
  INDEX `DataChange_LastTime`(`DataChange_LastTime`) USING BTREE
) ENGINE = InnoDB AUTO_INCREMENT = 1 CHARACTER SET = utf8mb4 COLLATE = utf8mb4_general_ci COMMENT = 'namespace的编辑锁' ROW_FORMAT = Dynamic;

-- ----------------------------
-- Table structure for Release
-- ----------------------------
DROP TABLE IF EXISTS `Release`;
CREATE TABLE `Release`  (
  `Id` int(10) UNSIGNED NOT NULL AUTO_INCREMENT COMMENT '自增主键',
  `ReleaseKey` varchar(64) CHARACTER SET utf8mb4 COLLATE utf8mb4_general_ci NOT NULL DEFAULT '' COMMENT '发布的Key',
  `Name` varchar(64) CHARACTER SET utf8mb4 COLLATE utf8mb4_general_ci NOT NULL DEFAULT 'default' COMMENT '发布名字',
  `Comment` varchar(256) CHARACTER SET utf8mb4 COLLATE utf8mb4_general_ci NULL DEFAULT NULL COMMENT '发布说明',
  `AppId` varchar(500) CHARACTER SET utf8mb4 COLLATE utf8mb4_general_ci NOT NULL DEFAULT 'default' COMMENT 'AppID',
  `ClusterName` varchar(500) CHARACTER SET utf8mb4 COLLATE utf8mb4_general_ci NOT NULL DEFAULT 'default' COMMENT 'ClusterName',
  `NamespaceName` varchar(500) CHARACTER SET utf8mb4 COLLATE utf8mb4_general_ci NOT NULL DEFAULT 'default' COMMENT 'namespaceName',
  `Configurations` longtext CHARACTER SET utf8mb4 COLLATE utf8mb4_general_ci NOT NULL COMMENT '发布配置',
  `IsAbandoned` bit(1) NOT NULL DEFAULT b'0' COMMENT '是否废弃',
  `IsDeleted` bit(1) NOT NULL DEFAULT b'0' COMMENT '1: deleted, 0: normal',
  `DataChange_CreatedBy` varchar(32) CHARACTER SET utf8mb4 COLLATE utf8mb4_general_ci NOT NULL DEFAULT 'default' COMMENT '创建人邮箱前缀',
  `DataChange_CreatedTime` timestamp(0) NOT NULL DEFAULT CURRENT_TIMESTAMP(0) COMMENT '创建时间',
  `DataChange_LastModifiedBy` varchar(32) CHARACTER SET utf8mb4 COLLATE utf8mb4_general_ci NULL DEFAULT '' COMMENT '最后修改人邮箱前缀',
  `DataChange_LastTime` timestamp(0) NULL DEFAULT CURRENT_TIMESTAMP(0) ON UPDATE CURRENT_TIMESTAMP(0) COMMENT '最后修改时间',
  PRIMARY KEY (`Id`) USING BTREE,
  INDEX `AppId_ClusterName_GroupName`(`AppId`(191), `ClusterName`(191), `NamespaceName`(191)) USING BTREE,
  INDEX `DataChange_LastTime`(`DataChange_LastTime`) USING BTREE,
  INDEX `IX_ReleaseKey`(`ReleaseKey`) USING BTREE
) ENGINE = InnoDB AUTO_INCREMENT = 20 CHARACTER SET = utf8mb4 COLLATE = utf8mb4_general_ci COMMENT = '发布' ROW_FORMAT = Dynamic;

-- ----------------------------
-- Records of Release
-- ----------------------------
INSERT INTO `Release` VALUES (1, '20161009155425-d3a0749c6e20bc15', '20161009155424-release', 'Sample发布', 'SampleApp', 'default', 'application', '{\"timeout\":\"100\"}', b'0', b'1', 'default', '2020-05-15 10:59:43', 'apollo', '2020-05-15 11:09:28');
INSERT INTO `Release` VALUES (2, '20200515114931-6be5f871e0516ae8', '20200515114928-release', '', 'biz-spring-cloud-eureka', 'default', 'application', '{\"spring.security.user.name\":\"admin\",\"spring.security.user.password\":\"123456\",\"eureka.client.register-with-eureka\":\"true\",\"eureka.client.fetch-registry\":\"true\",\"eureka.client.healthcheck.enabled\":\"true\",\"eureka.client.registryFetchIntervalSeconds\":\"30\",\"eureka.instance.prefer-ip-address\":\"true\",\"eureka.instance.lease-renewal-interval-in-seconds\":\"30\",\"eureka.instance.lease-expiration-duration-in-seconds\":\"90\",\"eureka.server.enable-self-preservation\":\"false\",\"eureka.server.renewal-percent-threshold\":\"0.85\",\"eureka.server.wait-time-in-ms-when-sync-empty\":\"0\",\"eureka.server.eviction-interval-timer-in-ms\":\"30000\",\"eureka.server.use-read-only-response-cache\":\"false\",\"eureka.server.response-cache-auto-expiration-in-seconds\":\"60\",\"management.endpoint.shutdown.enabled\":\"true\",\"management.endpoints.web.exposure.include\":\"*\",\"management.endpoint.health.show-details\":\"always\",\"spring.rabbitmq.host\":\"localhost\",\"spring.rabbitmq.port\":\"5672\",\"spring.rabbitmq.username\":\"waynechu\",\"spring.rabbitmq.password\":\"123456\",\"spring.rabbitmq.virtual-host\":\"/dev\",\"spring.rabbitmq.publisher-confirm-type\":\"correlated\",\"spring.rabbitmq.publisher-returns\":\"true\",\"spring.rabbitmq.template.mandatory\":\"true\",\"elk.rabbitmq.enable\":\"false\",\"elk.rabbitmq.host\":\"${spring.rabbitmq.host}\",\"elk.rabbitmq.port\":\"${spring.rabbitmq.port}\",\"elk.rabbitmq.username\":\"${spring.rabbitmq.username}\",\"elk.rabbitmq.password\":\"${spring.rabbitmq.password}\",\"elk.rabbitmq.application-id\":\"${spring.application.name}\",\"elk.rabbitmq.virtual-host\":\"/logback\",\"elk.rabbitmq.exchange\":\"topic.loggingExchange\",\"elk.rabbitmq.routing-key\":\"logback.#\",\"elk.rabbitmq.connection-name\":\"biz|${spring.application.name}\",\"sentry.enable\":\"true\",\"sentry.dsn\":\"http://a1c395c85d244742ae2a50b90f1535b8@localhost:9000/2\",\"sentry.stacktrace-app-packages\":\"\"}', b'0', b'0', 'apollo', '2020-05-15 11:49:32', 'apollo', '2020-05-15 11:49:32');
INSERT INTO `Release` VALUES (3, '20200515115229-6be5f871e0516ae9', '20200515115228-release', '', 'biz-spring-cloud-eureka', 'default', 'application', '{\"spring.security.user.name\":\"admin\",\"spring.security.user.password\":\"12345678\",\"eureka.client.register-with-eureka\":\"true\",\"eureka.client.fetch-registry\":\"true\",\"eureka.client.healthcheck.enabled\":\"true\",\"eureka.client.registryFetchIntervalSeconds\":\"30\",\"eureka.instance.prefer-ip-address\":\"true\",\"eureka.instance.lease-renewal-interval-in-seconds\":\"30\",\"eureka.instance.lease-expiration-duration-in-seconds\":\"90\",\"eureka.server.enable-self-preservation\":\"false\",\"eureka.server.renewal-percent-threshold\":\"0.85\",\"eureka.server.wait-time-in-ms-when-sync-empty\":\"0\",\"eureka.server.eviction-interval-timer-in-ms\":\"30000\",\"eureka.server.use-read-only-response-cache\":\"false\",\"eureka.server.response-cache-auto-expiration-in-seconds\":\"60\",\"management.endpoint.shutdown.enabled\":\"true\",\"management.endpoints.web.exposure.include\":\"*\",\"management.endpoint.health.show-details\":\"always\",\"spring.rabbitmq.host\":\"localhost\",\"spring.rabbitmq.port\":\"5672\",\"spring.rabbitmq.username\":\"waynechu\",\"spring.rabbitmq.password\":\"123456\",\"spring.rabbitmq.virtual-host\":\"/dev\",\"spring.rabbitmq.publisher-confirm-type\":\"correlated\",\"spring.rabbitmq.publisher-returns\":\"true\",\"spring.rabbitmq.template.mandatory\":\"true\",\"elk.rabbitmq.enable\":\"false\",\"elk.rabbitmq.host\":\"${spring.rabbitmq.host}\",\"elk.rabbitmq.port\":\"${spring.rabbitmq.port}\",\"elk.rabbitmq.username\":\"${spring.rabbitmq.username}\",\"elk.rabbitmq.password\":\"${spring.rabbitmq.password}\",\"elk.rabbitmq.application-id\":\"${spring.application.name}\",\"elk.rabbitmq.virtual-host\":\"/logback\",\"elk.rabbitmq.exchange\":\"topic.loggingExchange\",\"elk.rabbitmq.routing-key\":\"logback.#\",\"elk.rabbitmq.connection-name\":\"biz|${spring.application.name}\",\"sentry.enable\":\"true\",\"sentry.dsn\":\"http://a1c395c85d244742ae2a50b90f1535b8@localhost:9000/2\",\"sentry.stacktrace-app-packages\":\"\"}', b'0', b'0', 'apollo', '2020-05-15 11:52:30', 'apollo', '2020-05-15 11:52:30');
INSERT INTO `Release` VALUES (4, '20200515144452-9941f871e037854c', '20200515144448-release', '', 'biz-spring-cloud-public', 'default', 'Archer.biz-spring-cloud-public', '{\"eureka.instance.prefer-ip-address\":\"true\",\"eureka.instance.lease-renewal-interval-in-seconds\":\"30\",\"eureka.instance.lease-expiration-duration-in-seconds\":\"90\",\"eureka.instance.metadata-map.startup\":\"${random.int}\",\"eureka.client.register-with-eureka\":\"true\",\"eureka.client.fetch-registry\":\"true\",\"eureka.client.healthcheck.enabled\":\"true\",\"eureka.client.service-url.defaultZone\":\"http://admin:123456@localhost:9001/eureka/,http://admin:123456@localhost:9002/eureka/\",\"eureka.client.registry-fetch-interval-seconds\":\"5\",\"feign.compression.request.enabled\":\"true\",\"feign.compression.response.enabled\":\"true\",\"feign.compression.request.mime-types\":\"text/xml,application/xml,application/json\",\"feign.compression.request.min-request-size\":\"2048\",\"feign.client.config.github-client.loggerLevel\":\"full\",\"feign.client.config.github-client.connectTimeout\":\"5000\",\"feign.client.config.github-client.readTimeout\":\"5000\",\"feign.hystrix.enabled\":\"true\",\"hystrix.command.default.execution.isolation.strategy\":\"SEMAPHORE\",\"hystrix.command.default.execution.isolation.thread.timeoutInMilliseconds\":\"30000\",\"hystrix.command.default.execution.isolation.semaphore.maxConcurrentRequests\":\"1000\",\"hystrix.command.default.fallback.isolation.semaphore.maxConcurrentRequests\":\"500\",\"hystrix.command.default.circuitBreaker.requestVolumeThreshold\":\"1000\",\"hystrix.threadpool.default.coreSize\":\"500\",\"hystrix.threadpool.default.maxQueueSize\":\"1000\",\"hystrix.threadpool.default.queueSizeRejectionThreshold\":\"1000\",\"hystrix.threadpool.default.keepAliveTimeMinutes\":\"1\",\"ribbon.ConnectTimeout\":\"5000\",\"ribbon.ReadTimeout\":\"10000\",\"ribbon.okToRetryOnAllOperations\":\"false\",\"ribbon.retryableStatusCodes\":\"404,502\",\"ribbon.okToRetryOnConnectErrors\":\"true\",\"ribbon.MaxAutoRetries\":\"1\",\"ribbon.MaxAutoRetriesNextServer\":\"1\",\"ribbon.ServerListRefreshInterval\":\"3000\",\"management.endpoint.shutdown.enabled\":\"true\",\"management.endpoints.web.exposure.include\":\"*\",\"management.endpoint.health.show-details\":\"always\",\"spring.rabbitmq.host\":\"localhost\",\"spring.rabbitmq.port\":\"5672\",\"spring.rabbitmq.username\":\"waynechu\",\"spring.rabbitmq.password\":\"123456\",\"spring.rabbitmq.virtual-host\":\"/dev\",\"spring.rabbitmq.publisher-confirm-type\":\"correlated\",\"spring.rabbitmq.publisher-returns\":\"true\",\"spring.rabbitmq.template.mandatory\":\"true\",\"elk.rabbitmq.enable\":\"false\",\"elk.rabbitmq.host\":\"${spring.rabbitmq.host}\",\"elk.rabbitmq.port\":\"${spring.rabbitmq.port}\",\"elk.rabbitmq.username\":\"${spring.rabbitmq.username}\",\"elk.rabbitmq.password\":\"${spring.rabbitmq.password}\",\"elk.rabbitmq.application-id\":\"${spring.application.name}\",\"elk.rabbitmq.virtual-host\":\"/logback\",\"elk.rabbitmq.exchange\":\"topic.loggingExchange\",\"elk.rabbitmq.routing-key\":\"logback.#\",\"elk.rabbitmq.connection-name\":\"biz|${spring.application.name}\",\"spring.redis.database\":\"0\",\"spring.redis.host\":\"localhost\",\"spring.redis.port\":\"6379\",\"spring.redis.password\":\"123456\",\"jetcache.statIntervalMinutes\":\"15\",\"jetcache.areaInCacheName\":\"false\",\"jetcache.local.default.type\":\"linkedhashmap\",\"jetcache.local.default.keyConvertor\":\"fastjson\",\"jetcache.local.default.limit\":\"100\",\"jetcache.remote.default.type\":\"redis.lettuce\",\"jetcache.remote.default.keyPrefix\":\"test.waynechu.cn\",\"jetcache.remote.default.keyConvertor\":\"fastjson\",\"jetcache.remote.default.valueEncoder\":\"java\",\"jetcache.remote.default.valueDecoder\":\"java\",\"jetcache.remote.default.poolConfig.minIdle\":\"5\",\"jetcache.remote.default.poolConfig.maxIdle\":\"20\",\"jetcache.remote.default.poolConfig.maxTotal\":\"50\",\"jetcache.remote.default.uri\":\"redis://${spring.redis.password}@${spring.redis.host}:${spring.redis.port}\",\"mybatis-plus.mapper-locations\":\"classpath:sqlmap/**/*Mapper.xml\",\"mybatis-plus.configuration.cache-enabled\":\"false\",\"mybatis-plus.configuration.map-underscore-to-camel-case\":\"true\",\"mybatis-plus.configuration.use-generated-keys\":\"true\",\"mybatis-plus.configuration.log-impl\":\"org.apache.ibatis.logging.stdout.StdOutImpl\"}', b'0', b'0', 'apollo', '2020-05-15 14:44:52', 'apollo', '2020-05-15 14:44:52');
INSERT INTO `Release` VALUES (5, '20200515150918-7c44f871e0334f42', '20200515150915-release', '', 'service-order', 'default', 'application', '{\"biz.api.starter.swagger.enable\":\"true\",\"biz.api.starter.swagger.api-title\":\"订单服务\",\"biz.api.starter.swagger.api-description\":\"订单服务相关接口\",\"biz.api.starter.swagger.api-version\":\"1.0.0\",\"biz.api.starter.swagger.scan-package\":\"com.waynechu\",\"biz.api.starter.swagger.contact-name\":\"waynechu\",\"biz.api.starter.swagger.contact-url\":\"www.waynechu.cn\",\"biz.api.starter.swagger.contact-email\":\"waynechu@waynechu.cn\",\"biz.api.starter.distributed-lock.enable\":\"true\",\"biz.api.starter.distributed-lock.prefix\":\"local.waynechu.cn\",\"sentry.enable\":\"true\",\"sentry.dsn\":\"http://a1c395c85d244742ae2a50b90f1535b8@localhost:9000/2\",\"sentry.stacktrace-app-packages\":\"\",\"spring.datasource.dynamic.logger-enable\":\"true\",\"spring.datasource.dynamic.strategy\":\"cn.waynechu.bootstarter.dynamicdatasource.strategy.RoundRobinDynamicDataSourceStrategy\",\"spring.datasource.dynamic.druid.public-key\":\"MFwwDQYJKoZIhvcNAQEBBQADSwAwSAJBAIxH6Gne6flG+enZOeGsbg4hoiGFi1ORqvsi8EzlObP3Gz/NVQpJACcBidowsWolaYKyfv8jHUClNja3GCE2x+kCAwEAAQ\\u003d\\u003d\",\"spring.datasource.dynamic.druid.stat-view-servlet.enabled\":\"true\",\"spring.datasource.dynamic.druid.stat-view-servlet.login-username\":\"admin\",\"spring.datasource.dynamic.druid.stat-view-servlet.login-password\":\"123456\",\"spring.datasource.dynamic.druid.filters\":\"stat,wall\",\"spring.datasource.dynamic.druid.connection-properties.druid.stat.mergeSql\":\"true\",\"spring.datasource.dynamic.druid.connection-properties.druid.stat.slowSqlMillis\":\"1000\",\"spring.datasource.dynamic.druid.connection-properties.druid.stat.logSlowSql\":\"true\",\"spring.datasource.dynamic.druid.web-stat-filter.enabled\":\"true\",\"spring.datasource.dynamic.druid.aop-patterns\":\"com.waynechu.order.api.controller.*,com.waynechu.order.domain.service.*\",\"spring.datasource.dynamic.datasource.order-master.username\":\"root\",\"spring.datasource.dynamic.datasource.order-master.password\":\"LP1lXJ+2jrs+QhjLUJJRv3iALW9dgsoHAWyzVihmGW5Oooiw0Gyhi4nzeRW/JWrTxwUSgxnkt5pcbtppXjtbqA\\u003d\\u003d\",\"spring.datasource.dynamic.datasource.order-master.url\":\"jdbc:mysql://localhost:3306/order?characterEncoding\\u003dutf-8\\u0026useSSL\\u003dfalse\\u0026serverTimezone\\u003dUTC\\u0026allowPublicKeyRetrieval\\u003dtrue\",\"spring.datasource.dynamic.datasource.order-slave1.username\":\"root\",\"spring.datasource.dynamic.datasource.order-slave1.password\":\"LP1lXJ+2jrs+QhjLUJJRv3iALW9dgsoHAWyzVihmGW5Oooiw0Gyhi4nzeRW/JWrTxwUSgxnkt5pcbtppXjtbqA\\u003d\\u003d\",\"spring.datasource.dynamic.datasource.order-slave1.url\":\"jdbc:mysql://localhost:3307/order?characterEncoding\\u003dutf-8\\u0026useSSL\\u003dfalse\\u0026serverTimezone\\u003dUTC\\u0026allowPublicKeyRetrieval\\u003dtrue\",\"spring.datasource.dynamic.datasource.order-slave2.username\":\"root\",\"spring.datasource.dynamic.datasource.order-slave2.password\":\"LP1lXJ+2jrs+QhjLUJJRv3iALW9dgsoHAWyzVihmGW5Oooiw0Gyhi4nzeRW/JWrTxwUSgxnkt5pcbtppXjtbqA\\u003d\\u003d\",\"spring.datasource.dynamic.datasource.order-slave2.url\":\"jdbc:mysql://localhost:3308/order?characterEncoding\\u003dutf-8\\u0026useSSL\\u003dfalse\\u0026serverTimezone\\u003dUTC\\u0026allowPublicKeyRetrieval\\u003dtrue\"}', b'0', b'0', 'apollo', '2020-05-15 15:09:19', 'apollo', '2020-05-15 15:09:19');
INSERT INTO `Release` VALUES (6, '20200515151020-7c44f871e0334f43', '20200515151018-release', '', 'service-order', 'default', 'application', '{\"biz.api.starter.swagger.enable\":\"true\",\"biz.api.starter.swagger.api-title\":\"修改订单服务\",\"biz.api.starter.swagger.api-description\":\"订单服务相关接口\",\"biz.api.starter.swagger.api-version\":\"1.0.0\",\"biz.api.starter.swagger.scan-package\":\"com.waynechu\",\"biz.api.starter.swagger.contact-name\":\"waynechu\",\"biz.api.starter.swagger.contact-url\":\"www.waynechu.cn\",\"biz.api.starter.swagger.contact-email\":\"waynechu@waynechu.cn\",\"biz.api.starter.distributed-lock.enable\":\"true\",\"biz.api.starter.distributed-lock.prefix\":\"local.waynechu.cn\",\"sentry.enable\":\"true\",\"sentry.dsn\":\"http://a1c395c85d244742ae2a50b90f1535b8@localhost:9000/2\",\"sentry.stacktrace-app-packages\":\"\",\"spring.datasource.dynamic.logger-enable\":\"true\",\"spring.datasource.dynamic.strategy\":\"cn.waynechu.bootstarter.dynamicdatasource.strategy.RoundRobinDynamicDataSourceStrategy\",\"spring.datasource.dynamic.druid.public-key\":\"MFwwDQYJKoZIhvcNAQEBBQADSwAwSAJBAIxH6Gne6flG+enZOeGsbg4hoiGFi1ORqvsi8EzlObP3Gz/NVQpJACcBidowsWolaYKyfv8jHUClNja3GCE2x+kCAwEAAQ\\u003d\\u003d\",\"spring.datasource.dynamic.druid.stat-view-servlet.enabled\":\"true\",\"spring.datasource.dynamic.druid.stat-view-servlet.login-username\":\"admin\",\"spring.datasource.dynamic.druid.stat-view-servlet.login-password\":\"123456\",\"spring.datasource.dynamic.druid.filters\":\"stat,wall\",\"spring.datasource.dynamic.druid.connection-properties.druid.stat.mergeSql\":\"true\",\"spring.datasource.dynamic.druid.connection-properties.druid.stat.slowSqlMillis\":\"1000\",\"spring.datasource.dynamic.druid.connection-properties.druid.stat.logSlowSql\":\"true\",\"spring.datasource.dynamic.druid.web-stat-filter.enabled\":\"true\",\"spring.datasource.dynamic.druid.aop-patterns\":\"com.waynechu.order.api.controller.*,com.waynechu.order.domain.service.*\",\"spring.datasource.dynamic.datasource.order-master.username\":\"root\",\"spring.datasource.dynamic.datasource.order-master.password\":\"LP1lXJ+2jrs+QhjLUJJRv3iALW9dgsoHAWyzVihmGW5Oooiw0Gyhi4nzeRW/JWrTxwUSgxnkt5pcbtppXjtbqA\\u003d\\u003d\",\"spring.datasource.dynamic.datasource.order-master.url\":\"jdbc:mysql://localhost:3306/order?characterEncoding\\u003dutf-8\\u0026useSSL\\u003dfalse\\u0026serverTimezone\\u003dUTC\\u0026allowPublicKeyRetrieval\\u003dtrue\",\"spring.datasource.dynamic.datasource.order-slave1.username\":\"root\",\"spring.datasource.dynamic.datasource.order-slave1.password\":\"LP1lXJ+2jrs+QhjLUJJRv3iALW9dgsoHAWyzVihmGW5Oooiw0Gyhi4nzeRW/JWrTxwUSgxnkt5pcbtppXjtbqA\\u003d\\u003d\",\"spring.datasource.dynamic.datasource.order-slave1.url\":\"jdbc:mysql://localhost:3307/order?characterEncoding\\u003dutf-8\\u0026useSSL\\u003dfalse\\u0026serverTimezone\\u003dUTC\\u0026allowPublicKeyRetrieval\\u003dtrue\",\"spring.datasource.dynamic.datasource.order-slave2.username\":\"root\",\"spring.datasource.dynamic.datasource.order-slave2.password\":\"LP1lXJ+2jrs+QhjLUJJRv3iALW9dgsoHAWyzVihmGW5Oooiw0Gyhi4nzeRW/JWrTxwUSgxnkt5pcbtppXjtbqA\\u003d\\u003d\",\"spring.datasource.dynamic.datasource.order-slave2.url\":\"jdbc:mysql://localhost:3308/order?characterEncoding\\u003dutf-8\\u0026useSSL\\u003dfalse\\u0026serverTimezone\\u003dUTC\\u0026allowPublicKeyRetrieval\\u003dtrue\"}', b'0', b'0', 'apollo', '2020-05-15 15:10:20', 'apollo', '2020-05-15 15:10:20');
INSERT INTO `Release` VALUES (7, '20200515151123-7c44f871e0334f44', '20200515151122-release', '', 'service-order', 'default', 'application', '{\"biz.api.starter.swagger.enable\":\"true\",\"biz.api.starter.swagger.api-title\":\"订单服务\",\"biz.api.starter.swagger.api-description\":\"订单服务相关接口\",\"biz.api.starter.swagger.api-version\":\"1.0.0\",\"biz.api.starter.swagger.scan-package\":\"com.waynechu\",\"biz.api.starter.swagger.contact-name\":\"waynechu\",\"biz.api.starter.swagger.contact-url\":\"www.waynechu.cn\",\"biz.api.starter.swagger.contact-email\":\"waynechu@waynechu.cn\",\"biz.api.starter.distributed-lock.enable\":\"true\",\"biz.api.starter.distributed-lock.prefix\":\"local.waynechu.cn\",\"sentry.enable\":\"true\",\"sentry.dsn\":\"http://a1c395c85d244742ae2a50b90f1535b8@localhost:9000/2\",\"sentry.stacktrace-app-packages\":\"\",\"spring.datasource.dynamic.logger-enable\":\"true\",\"spring.datasource.dynamic.strategy\":\"cn.waynechu.bootstarter.dynamicdatasource.strategy.RoundRobinDynamicDataSourceStrategy\",\"spring.datasource.dynamic.druid.public-key\":\"MFwwDQYJKoZIhvcNAQEBBQADSwAwSAJBAIxH6Gne6flG+enZOeGsbg4hoiGFi1ORqvsi8EzlObP3Gz/NVQpJACcBidowsWolaYKyfv8jHUClNja3GCE2x+kCAwEAAQ\\u003d\\u003d\",\"spring.datasource.dynamic.druid.stat-view-servlet.enabled\":\"true\",\"spring.datasource.dynamic.druid.stat-view-servlet.login-username\":\"admin\",\"spring.datasource.dynamic.druid.stat-view-servlet.login-password\":\"123456\",\"spring.datasource.dynamic.druid.filters\":\"stat,wall\",\"spring.datasource.dynamic.druid.connection-properties.druid.stat.mergeSql\":\"true\",\"spring.datasource.dynamic.druid.connection-properties.druid.stat.slowSqlMillis\":\"1000\",\"spring.datasource.dynamic.druid.connection-properties.druid.stat.logSlowSql\":\"true\",\"spring.datasource.dynamic.druid.web-stat-filter.enabled\":\"true\",\"spring.datasource.dynamic.druid.aop-patterns\":\"com.waynechu.order.api.controller.*,com.waynechu.order.domain.service.*\",\"spring.datasource.dynamic.datasource.order-master.username\":\"root\",\"spring.datasource.dynamic.datasource.order-master.password\":\"LP1lXJ+2jrs+QhjLUJJRv3iALW9dgsoHAWyzVihmGW5Oooiw0Gyhi4nzeRW/JWrTxwUSgxnkt5pcbtppXjtbqA\\u003d\\u003d\",\"spring.datasource.dynamic.datasource.order-master.url\":\"jdbc:mysql://localhost:3306/order?characterEncoding\\u003dutf-8\\u0026useSSL\\u003dfalse\\u0026serverTimezone\\u003dUTC\\u0026allowPublicKeyRetrieval\\u003dtrue\",\"spring.datasource.dynamic.datasource.order-slave1.username\":\"root\",\"spring.datasource.dynamic.datasource.order-slave1.password\":\"LP1lXJ+2jrs+QhjLUJJRv3iALW9dgsoHAWyzVihmGW5Oooiw0Gyhi4nzeRW/JWrTxwUSgxnkt5pcbtppXjtbqA\\u003d\\u003d\",\"spring.datasource.dynamic.datasource.order-slave1.url\":\"jdbc:mysql://localhost:3307/order?characterEncoding\\u003dutf-8\\u0026useSSL\\u003dfalse\\u0026serverTimezone\\u003dUTC\\u0026allowPublicKeyRetrieval\\u003dtrue\",\"spring.datasource.dynamic.datasource.order-slave2.username\":\"root\",\"spring.datasource.dynamic.datasource.order-slave2.password\":\"LP1lXJ+2jrs+QhjLUJJRv3iALW9dgsoHAWyzVihmGW5Oooiw0Gyhi4nzeRW/JWrTxwUSgxnkt5pcbtppXjtbqA\\u003d\\u003d\",\"spring.datasource.dynamic.datasource.order-slave2.url\":\"jdbc:mysql://localhost:3308/order?characterEncoding\\u003dutf-8\\u0026useSSL\\u003dfalse\\u0026serverTimezone\\u003dUTC\\u0026allowPublicKeyRetrieval\\u003dtrue\"}', b'0', b'0', 'apollo', '2020-05-15 15:11:23', 'apollo', '2020-05-15 15:11:23');
INSERT INTO `Release` VALUES (8, '20200515152233-7c44f871e0334f45', '20200515152232-release', '', 'service-order', 'default', 'application', '{\"biz.api.starter.swagger.enable\":\"true\",\"biz.api.starter.swagger.api-title\":\"订单服务\",\"biz.api.starter.swagger.api-description\":\"订单服务相关接口\",\"biz.api.starter.swagger.api-version\":\"1.0.0\",\"biz.api.starter.swagger.scan-package\":\"com.waynechu\",\"biz.api.starter.swagger.contact-name\":\"waynechu\",\"biz.api.starter.swagger.contact-url\":\"www.waynechu.cn\",\"biz.api.starter.swagger.contact-email\":\"waynechu@waynechu.cn\",\"biz.api.starter.distributed-lock.enable\":\"true\",\"biz.api.starter.distributed-lock.prefix\":\"local.waynechu.cn\",\"sentry.enable\":\"true\",\"sentry.dsn\":\"http://a1c395c85d244742ae2a50b90f1535b8@localhost:9000/2\",\"sentry.stacktrace-app-packages\":\"\",\"spring.datasource.dynamic.logger-enable\":\"true\",\"spring.datasource.dynamic.strategy\":\"cn.waynechu.bootstarter.dynamicdatasource.strategy.RoundRobinDynamicDataSourceStrategy\",\"spring.datasource.dynamic.druid.public-key\":\"MFwwDQYJKoZIhvcNAQEBBQADSwAwSAJBAIxH6Gne6flG+enZOeGsbg4hoiGFi1ORqvsi8EzlObP3Gz/NVQpJACcBidowsWolaYKyfv8jHUClNja3GCE2x+kCAwEAAQ\\u003d\\u003d\",\"spring.datasource.dynamic.druid.stat-view-servlet.enabled\":\"true\",\"spring.datasource.dynamic.druid.stat-view-servlet.login-username\":\"admin\",\"spring.datasource.dynamic.druid.stat-view-servlet.login-password\":\"123456\",\"spring.datasource.dynamic.druid.filters\":\"stat,wall\",\"spring.datasource.dynamic.druid.connection-properties.druid.stat.mergeSql\":\"true\",\"spring.datasource.dynamic.druid.connection-properties.druid.stat.slowSqlMillis\":\"1000\",\"spring.datasource.dynamic.druid.connection-properties.druid.stat.logSlowSql\":\"true\",\"spring.datasource.dynamic.druid.web-stat-filter.enabled\":\"true\",\"spring.datasource.dynamic.druid.aop-patterns\":\"com.waynechu.order.api.controller.*,com.waynechu.order.domain.service.*\",\"spring.datasource.dynamic.datasource.order-master.username\":\"root\",\"spring.datasource.dynamic.datasource.order-master.password\":\"LP1lXJ+2jrs+QhjLUJJRv3iALW9dgsoHAWyzVihmGW5Oooiw0Gyhi4nzeRW/JWrTxwUSgxnkt5pcbtppXjtbqA\\u003d\\u003d\",\"spring.datasource.dynamic.datasource.order-master.url\":\"jdbc:mysql://localhost:3306/order?characterEncoding\\u003dutf-8\\u0026useSSL\\u003dfalse\\u0026serverTimezone\\u003dUTC\\u0026allowPublicKeyRetrieval\\u003dtrue\",\"spring.datasource.dynamic.datasource.order-slave1.username\":\"root\",\"spring.datasource.dynamic.datasource.order-slave1.password\":\"LP1lXJ+2jrs+QhjLUJJRv3iALW9dgsoHAWyzVihmGW5Oooiw0Gyhi4nzeRW/JWrTxwUSgxnkt5pcbtppXjtbqA\\u003d\\u003d\",\"spring.datasource.dynamic.datasource.order-slave1.url\":\"jdbc:mysql://localhost:3307/order?characterEncoding\\u003dutf-8\\u0026useSSL\\u003dfalse\\u0026serverTimezone\\u003dUTC\\u0026allowPublicKeyRetrieval\\u003dtrue\",\"spring.datasource.dynamic.datasource.order-slave2.username\":\"root\",\"spring.datasource.dynamic.datasource.order-slave2.password\":\"LP1lXJ+2jrs+QhjLUJJRv3iALW9dgsoHAWyzVihmGW5Oooiw0Gyhi4nzeRW/JWrTxwUSgxnkt5pcbtppXjtbqA\\u003d\\u003d\",\"spring.datasource.dynamic.datasource.order-slave2.url\":\"jdbc:mysql://localhost:3308/order?characterEncoding\\u003dutf-8\\u0026useSSL\\u003dfalse\\u0026serverTimezone\\u003dUTC\\u0026allowPublicKeyRetrieval\\u003dtrue\",\"apollo.refresh-value\":\"1\"}', b'0', b'0', 'apollo', '2020-05-15 15:22:34', 'apollo', '2020-05-15 15:22:34');
INSERT INTO `Release` VALUES (9, '20200515152332-7c44f871e0334f46', '20200515152331-release', '', 'service-order', 'default', 'application', '{\"biz.api.starter.swagger.enable\":\"true\",\"biz.api.starter.swagger.api-title\":\"订单服务\",\"biz.api.starter.swagger.api-description\":\"订单服务相关接口\",\"biz.api.starter.swagger.api-version\":\"1.0.0\",\"biz.api.starter.swagger.scan-package\":\"com.waynechu\",\"biz.api.starter.swagger.contact-name\":\"waynechu\",\"biz.api.starter.swagger.contact-url\":\"www.waynechu.cn\",\"biz.api.starter.swagger.contact-email\":\"waynechu@waynechu.cn\",\"biz.api.starter.distributed-lock.enable\":\"true\",\"biz.api.starter.distributed-lock.prefix\":\"local.waynechu.cn\",\"sentry.enable\":\"true\",\"sentry.dsn\":\"http://a1c395c85d244742ae2a50b90f1535b8@localhost:9000/2\",\"sentry.stacktrace-app-packages\":\"\",\"spring.datasource.dynamic.logger-enable\":\"true\",\"spring.datasource.dynamic.strategy\":\"cn.waynechu.bootstarter.dynamicdatasource.strategy.RoundRobinDynamicDataSourceStrategy\",\"spring.datasource.dynamic.druid.public-key\":\"MFwwDQYJKoZIhvcNAQEBBQADSwAwSAJBAIxH6Gne6flG+enZOeGsbg4hoiGFi1ORqvsi8EzlObP3Gz/NVQpJACcBidowsWolaYKyfv8jHUClNja3GCE2x+kCAwEAAQ\\u003d\\u003d\",\"spring.datasource.dynamic.druid.stat-view-servlet.enabled\":\"true\",\"spring.datasource.dynamic.druid.stat-view-servlet.login-username\":\"admin\",\"spring.datasource.dynamic.druid.stat-view-servlet.login-password\":\"123456\",\"spring.datasource.dynamic.druid.filters\":\"stat,wall\",\"spring.datasource.dynamic.druid.connection-properties.druid.stat.mergeSql\":\"true\",\"spring.datasource.dynamic.druid.connection-properties.druid.stat.slowSqlMillis\":\"1000\",\"spring.datasource.dynamic.druid.connection-properties.druid.stat.logSlowSql\":\"true\",\"spring.datasource.dynamic.druid.web-stat-filter.enabled\":\"true\",\"spring.datasource.dynamic.druid.aop-patterns\":\"com.waynechu.order.api.controller.*,com.waynechu.order.domain.service.*\",\"spring.datasource.dynamic.datasource.order-master.username\":\"root\",\"spring.datasource.dynamic.datasource.order-master.password\":\"LP1lXJ+2jrs+QhjLUJJRv3iALW9dgsoHAWyzVihmGW5Oooiw0Gyhi4nzeRW/JWrTxwUSgxnkt5pcbtppXjtbqA\\u003d\\u003d\",\"spring.datasource.dynamic.datasource.order-master.url\":\"jdbc:mysql://localhost:3306/order?characterEncoding\\u003dutf-8\\u0026useSSL\\u003dfalse\\u0026serverTimezone\\u003dUTC\\u0026allowPublicKeyRetrieval\\u003dtrue\",\"spring.datasource.dynamic.datasource.order-slave1.username\":\"root\",\"spring.datasource.dynamic.datasource.order-slave1.password\":\"LP1lXJ+2jrs+QhjLUJJRv3iALW9dgsoHAWyzVihmGW5Oooiw0Gyhi4nzeRW/JWrTxwUSgxnkt5pcbtppXjtbqA\\u003d\\u003d\",\"spring.datasource.dynamic.datasource.order-slave1.url\":\"jdbc:mysql://localhost:3307/order?characterEncoding\\u003dutf-8\\u0026useSSL\\u003dfalse\\u0026serverTimezone\\u003dUTC\\u0026allowPublicKeyRetrieval\\u003dtrue\",\"spring.datasource.dynamic.datasource.order-slave2.username\":\"root\",\"spring.datasource.dynamic.datasource.order-slave2.password\":\"LP1lXJ+2jrs+QhjLUJJRv3iALW9dgsoHAWyzVihmGW5Oooiw0Gyhi4nzeRW/JWrTxwUSgxnkt5pcbtppXjtbqA\\u003d\\u003d\",\"spring.datasource.dynamic.datasource.order-slave2.url\":\"jdbc:mysql://localhost:3308/order?characterEncoding\\u003dutf-8\\u0026useSSL\\u003dfalse\\u0026serverTimezone\\u003dUTC\\u0026allowPublicKeyRetrieval\\u003dtrue\",\"apollo.refresh-value\":\"2\"}', b'0', b'0', 'apollo', '2020-05-15 15:23:33', 'apollo', '2020-05-15 15:23:33');
INSERT INTO `Release` VALUES (10, '20200515154035-7c44f871e0334f47', '20200515154032-release', '', 'service-order', 'default', 'application', '{\"biz.api.starter.swagger.enable\":\"true\",\"biz.api.starter.swagger.api-title\":\"订单服务\",\"biz.api.starter.swagger.api-description\":\"订单服务相关接口\",\"biz.api.starter.swagger.api-version\":\"1.0.0\",\"biz.api.starter.swagger.scan-package\":\"com.waynechu\",\"biz.api.starter.swagger.contact-name\":\"waynechu\",\"biz.api.starter.swagger.contact-url\":\"www.waynechu.cn\",\"biz.api.starter.swagger.contact-email\":\"waynechu@waynechu.cn\",\"biz.api.starter.distributed-lock.enable\":\"true\",\"biz.api.starter.distributed-lock.prefix\":\"local.waynechu.cn\",\"sentry.enable\":\"true\",\"sentry.dsn\":\"http://a1c395c85d244742ae2a50b90f1535b8@localhost:9000/2\",\"sentry.stacktrace-app-packages\":\"\",\"spring.datasource.dynamic.logger-enable\":\"true\",\"spring.datasource.dynamic.strategy\":\"cn.waynechu.bootstarter.dynamicdatasource.strategy.RoundRobinDynamicDataSourceStrategy\",\"spring.datasource.dynamic.druid.public-key\":\"MFwwDQYJKoZIhvcNAQEBBQADSwAwSAJBAIxH6Gne6flG+enZOeGsbg4hoiGFi1ORqvsi8EzlObP3Gz/NVQpJACcBidowsWolaYKyfv8jHUClNja3GCE2x+kCAwEAAQ\\u003d\\u003d\",\"spring.datasource.dynamic.druid.stat-view-servlet.enabled\":\"true\",\"spring.datasource.dynamic.druid.stat-view-servlet.login-username\":\"admin\",\"spring.datasource.dynamic.druid.stat-view-servlet.login-password\":\"123456\",\"spring.datasource.dynamic.druid.filters\":\"stat,wall\",\"spring.datasource.dynamic.druid.connection-properties.druid.stat.mergeSql\":\"true\",\"spring.datasource.dynamic.druid.connection-properties.druid.stat.slowSqlMillis\":\"1000\",\"spring.datasource.dynamic.druid.connection-properties.druid.stat.logSlowSql\":\"true\",\"spring.datasource.dynamic.druid.web-stat-filter.enabled\":\"true\",\"spring.datasource.dynamic.druid.aop-patterns\":\"com.waynechu.order.api.controller.*,com.waynechu.order.domain.service.*\",\"spring.datasource.dynamic.datasource.order-master.username\":\"root\",\"spring.datasource.dynamic.datasource.order-master.password\":\"LP1lXJ+2jrs+QhjLUJJRv3iALW9dgsoHAWyzVihmGW5Oooiw0Gyhi4nzeRW/JWrTxwUSgxnkt5pcbtppXjtbqA\\u003d\\u003d\",\"spring.datasource.dynamic.datasource.order-master.url\":\"jdbc:mysql://localhost:3306/order?characterEncoding\\u003dutf-8\\u0026useSSL\\u003dfalse\\u0026serverTimezone\\u003dUTC\\u0026allowPublicKeyRetrieval\\u003dtrue\",\"spring.datasource.dynamic.datasource.order-slave1.username\":\"root\",\"spring.datasource.dynamic.datasource.order-slave1.password\":\"LP1lXJ+2jrs+QhjLUJJRv3iALW9dgsoHAWyzVihmGW5Oooiw0Gyhi4nzeRW/JWrTxwUSgxnkt5pcbtppXjtbqA\\u003d\\u003d\",\"spring.datasource.dynamic.datasource.order-slave1.url\":\"jdbc:mysql://localhost:3307/order?characterEncoding\\u003dutf-8\\u0026useSSL\\u003dfalse\\u0026serverTimezone\\u003dUTC\\u0026allowPublicKeyRetrieval\\u003dtrue\",\"spring.datasource.dynamic.datasource.order-slave2.username\":\"root\",\"spring.datasource.dynamic.datasource.order-slave2.password\":\"LP1lXJ+2jrs+QhjLUJJRv3iALW9dgsoHAWyzVihmGW5Oooiw0Gyhi4nzeRW/JWrTxwUSgxnkt5pcbtppXjtbqA\\u003d\\u003d\",\"spring.datasource.dynamic.datasource.order-slave2.url\":\"jdbc:mysql://localhost:3308/order?characterEncoding\\u003dutf-8\\u0026useSSL\\u003dfalse\\u0026serverTimezone\\u003dUTC\\u0026allowPublicKeyRetrieval\\u003dtrue\",\"apollo.refresh-value\":\"2\",\"apollo.refresh-property\":\"a\"}', b'0', b'0', 'apollo', '2020-05-15 15:40:36', 'apollo', '2020-05-15 15:40:36');
INSERT INTO `Release` VALUES (11, '20200515154205-7c44f871e0334f48', '20200515154204-release', '', 'service-order', 'default', 'application', '{\"biz.api.starter.swagger.enable\":\"true\",\"biz.api.starter.swagger.api-title\":\"订单服务\",\"biz.api.starter.swagger.api-description\":\"订单服务相关接口\",\"biz.api.starter.swagger.api-version\":\"1.0.0\",\"biz.api.starter.swagger.scan-package\":\"com.waynechu\",\"biz.api.starter.swagger.contact-name\":\"waynechu\",\"biz.api.starter.swagger.contact-url\":\"www.waynechu.cn\",\"biz.api.starter.swagger.contact-email\":\"waynechu@waynechu.cn\",\"biz.api.starter.distributed-lock.enable\":\"true\",\"biz.api.starter.distributed-lock.prefix\":\"local.waynechu.cn\",\"sentry.enable\":\"true\",\"sentry.dsn\":\"http://a1c395c85d244742ae2a50b90f1535b8@localhost:9000/2\",\"sentry.stacktrace-app-packages\":\"\",\"spring.datasource.dynamic.logger-enable\":\"true\",\"spring.datasource.dynamic.strategy\":\"cn.waynechu.bootstarter.dynamicdatasource.strategy.RoundRobinDynamicDataSourceStrategy\",\"spring.datasource.dynamic.druid.public-key\":\"MFwwDQYJKoZIhvcNAQEBBQADSwAwSAJBAIxH6Gne6flG+enZOeGsbg4hoiGFi1ORqvsi8EzlObP3Gz/NVQpJACcBidowsWolaYKyfv8jHUClNja3GCE2x+kCAwEAAQ\\u003d\\u003d\",\"spring.datasource.dynamic.druid.stat-view-servlet.enabled\":\"true\",\"spring.datasource.dynamic.druid.stat-view-servlet.login-username\":\"admin\",\"spring.datasource.dynamic.druid.stat-view-servlet.login-password\":\"123456\",\"spring.datasource.dynamic.druid.filters\":\"stat,wall\",\"spring.datasource.dynamic.druid.connection-properties.druid.stat.mergeSql\":\"true\",\"spring.datasource.dynamic.druid.connection-properties.druid.stat.slowSqlMillis\":\"1000\",\"spring.datasource.dynamic.druid.connection-properties.druid.stat.logSlowSql\":\"true\",\"spring.datasource.dynamic.druid.web-stat-filter.enabled\":\"true\",\"spring.datasource.dynamic.druid.aop-patterns\":\"com.waynechu.order.api.controller.*,com.waynechu.order.domain.service.*\",\"spring.datasource.dynamic.datasource.order-master.username\":\"root\",\"spring.datasource.dynamic.datasource.order-master.password\":\"LP1lXJ+2jrs+QhjLUJJRv3iALW9dgsoHAWyzVihmGW5Oooiw0Gyhi4nzeRW/JWrTxwUSgxnkt5pcbtppXjtbqA\\u003d\\u003d\",\"spring.datasource.dynamic.datasource.order-master.url\":\"jdbc:mysql://localhost:3306/order?characterEncoding\\u003dutf-8\\u0026useSSL\\u003dfalse\\u0026serverTimezone\\u003dUTC\\u0026allowPublicKeyRetrieval\\u003dtrue\",\"spring.datasource.dynamic.datasource.order-slave1.username\":\"root\",\"spring.datasource.dynamic.datasource.order-slave1.password\":\"LP1lXJ+2jrs+QhjLUJJRv3iALW9dgsoHAWyzVihmGW5Oooiw0Gyhi4nzeRW/JWrTxwUSgxnkt5pcbtppXjtbqA\\u003d\\u003d\",\"spring.datasource.dynamic.datasource.order-slave1.url\":\"jdbc:mysql://localhost:3307/order?characterEncoding\\u003dutf-8\\u0026useSSL\\u003dfalse\\u0026serverTimezone\\u003dUTC\\u0026allowPublicKeyRetrieval\\u003dtrue\",\"spring.datasource.dynamic.datasource.order-slave2.username\":\"root\",\"spring.datasource.dynamic.datasource.order-slave2.password\":\"LP1lXJ+2jrs+QhjLUJJRv3iALW9dgsoHAWyzVihmGW5Oooiw0Gyhi4nzeRW/JWrTxwUSgxnkt5pcbtppXjtbqA\\u003d\\u003d\",\"spring.datasource.dynamic.datasource.order-slave2.url\":\"jdbc:mysql://localhost:3308/order?characterEncoding\\u003dutf-8\\u0026useSSL\\u003dfalse\\u0026serverTimezone\\u003dUTC\\u0026allowPublicKeyRetrieval\\u003dtrue\",\"apollo.refresh-value\":\"2\",\"apollo.refresh-property\":\"b\"}', b'0', b'0', 'apollo', '2020-05-15 15:42:06', 'apollo', '2020-05-15 15:42:06');
INSERT INTO `Release` VALUES (12, '20200518171715-6be5f871e056f9dd', '20200518171714-release', '', 'biz-spring-cloud-eureka', 'default', 'application', '{\"spring.security.user.name\":\"admin\",\"spring.security.user.password\":\"12345678\",\"eureka.client.register-with-eureka\":\"true\",\"eureka.client.fetch-registry\":\"true\",\"eureka.client.healthcheck.enabled\":\"true\",\"eureka.client.registryFetchIntervalSeconds\":\"30\",\"eureka.instance.prefer-ip-address\":\"true\",\"eureka.instance.lease-renewal-interval-in-seconds\":\"30\",\"eureka.instance.lease-expiration-duration-in-seconds\":\"90\",\"eureka.server.enable-self-preservation\":\"false\",\"eureka.server.renewal-percent-threshold\":\"0.85\",\"eureka.server.wait-time-in-ms-when-sync-empty\":\"0\",\"eureka.server.eviction-interval-timer-in-ms\":\"30000\",\"eureka.server.use-read-only-response-cache\":\"false\",\"eureka.server.response-cache-auto-expiration-in-seconds\":\"60\",\"management.endpoint.shutdown.enabled\":\"true\",\"management.endpoints.web.exposure.include\":\"*\",\"management.endpoint.health.show-details\":\"always\",\"spring.rabbitmq.host\":\"172.20.0.8\",\"spring.rabbitmq.port\":\"5672\",\"spring.rabbitmq.username\":\"waynechu\",\"spring.rabbitmq.password\":\"123456\",\"spring.rabbitmq.virtual-host\":\"/dev\",\"spring.rabbitmq.publisher-confirm-type\":\"correlated\",\"spring.rabbitmq.publisher-returns\":\"true\",\"spring.rabbitmq.template.mandatory\":\"true\",\"elk.rabbitmq.enable\":\"false\",\"elk.rabbitmq.host\":\"${spring.rabbitmq.host}\",\"elk.rabbitmq.port\":\"${spring.rabbitmq.port}\",\"elk.rabbitmq.username\":\"${spring.rabbitmq.username}\",\"elk.rabbitmq.password\":\"${spring.rabbitmq.password}\",\"elk.rabbitmq.application-id\":\"${spring.application.name}\",\"elk.rabbitmq.virtual-host\":\"/logback\",\"elk.rabbitmq.exchange\":\"topic.loggingExchange\",\"elk.rabbitmq.routing-key\":\"logback.#\",\"elk.rabbitmq.connection-name\":\"biz|${spring.application.name}\",\"sentry.enable\":\"true\",\"sentry.dsn\":\"http://a1c395c85d244742ae2a50b90f1535b8@localhost:9000/2\",\"sentry.stacktrace-app-packages\":\"\"}', b'0', b'0', 'apollo', '2020-05-18 17:17:16', 'apollo', '2020-05-18 17:17:16');
INSERT INTO `Release` VALUES (13, '20200518171936-6be5f871e056f9de', '20200518171935-release', '', 'biz-spring-cloud-eureka', 'default', 'application', '{\"spring.security.user.name\":\"admin\",\"spring.security.user.password\":\"12345678\",\"eureka.client.register-with-eureka\":\"true\",\"eureka.client.fetch-registry\":\"true\",\"eureka.client.healthcheck.enabled\":\"true\",\"eureka.client.registryFetchIntervalSeconds\":\"30\",\"eureka.instance.prefer-ip-address\":\"true\",\"eureka.instance.lease-renewal-interval-in-seconds\":\"30\",\"eureka.instance.lease-expiration-duration-in-seconds\":\"90\",\"eureka.server.enable-self-preservation\":\"false\",\"eureka.server.renewal-percent-threshold\":\"0.85\",\"eureka.server.wait-time-in-ms-when-sync-empty\":\"0\",\"eureka.server.eviction-interval-timer-in-ms\":\"30000\",\"eureka.server.use-read-only-response-cache\":\"false\",\"eureka.server.response-cache-auto-expiration-in-seconds\":\"60\",\"management.endpoint.shutdown.enabled\":\"true\",\"management.endpoints.web.exposure.include\":\"*\",\"management.endpoint.health.show-details\":\"always\",\"spring.rabbitmq.host\":\"172.20.0.6\",\"spring.rabbitmq.port\":\"5672\",\"spring.rabbitmq.username\":\"waynechu\",\"spring.rabbitmq.password\":\"123456\",\"spring.rabbitmq.virtual-host\":\"/dev\",\"spring.rabbitmq.publisher-confirm-type\":\"correlated\",\"spring.rabbitmq.publisher-returns\":\"true\",\"spring.rabbitmq.template.mandatory\":\"true\",\"elk.rabbitmq.enable\":\"false\",\"elk.rabbitmq.host\":\"${spring.rabbitmq.host}\",\"elk.rabbitmq.port\":\"${spring.rabbitmq.port}\",\"elk.rabbitmq.username\":\"${spring.rabbitmq.username}\",\"elk.rabbitmq.password\":\"${spring.rabbitmq.password}\",\"elk.rabbitmq.application-id\":\"${spring.application.name}\",\"elk.rabbitmq.virtual-host\":\"/logback\",\"elk.rabbitmq.exchange\":\"topic.loggingExchange\",\"elk.rabbitmq.routing-key\":\"logback.#\",\"elk.rabbitmq.connection-name\":\"biz|${spring.application.name}\",\"sentry.enable\":\"true\",\"sentry.dsn\":\"http://a1c395c85d244742ae2a50b90f1535b8@localhost:9000/2\",\"sentry.stacktrace-app-packages\":\"\"}', b'0', b'0', 'apollo', '2020-05-18 17:19:36', 'apollo', '2020-05-18 17:19:36');
INSERT INTO `Release` VALUES (14, '20200518172226-6be5f871e056f9df', '20200518172225-release', '', 'biz-spring-cloud-eureka', 'default', 'application', '{\"spring.security.user.name\":\"admin\",\"spring.security.user.password\":\"12345678\",\"eureka.client.register-with-eureka\":\"true\",\"eureka.client.fetch-registry\":\"true\",\"eureka.client.healthcheck.enabled\":\"true\",\"eureka.client.registryFetchIntervalSeconds\":\"30\",\"eureka.instance.prefer-ip-address\":\"true\",\"eureka.instance.lease-renewal-interval-in-seconds\":\"30\",\"eureka.instance.lease-expiration-duration-in-seconds\":\"90\",\"eureka.server.enable-self-preservation\":\"false\",\"eureka.server.renewal-percent-threshold\":\"0.85\",\"eureka.server.wait-time-in-ms-when-sync-empty\":\"0\",\"eureka.server.eviction-interval-timer-in-ms\":\"30000\",\"eureka.server.use-read-only-response-cache\":\"false\",\"eureka.server.response-cache-auto-expiration-in-seconds\":\"60\",\"management.endpoint.shutdown.enabled\":\"true\",\"management.endpoints.web.exposure.include\":\"*\",\"management.endpoint.health.show-details\":\"always\",\"spring.rabbitmq.host\":\"172.20.0.8\",\"spring.rabbitmq.port\":\"5672\",\"spring.rabbitmq.username\":\"waynechu\",\"spring.rabbitmq.password\":\"123456\",\"spring.rabbitmq.virtual-host\":\"/dev\",\"spring.rabbitmq.publisher-confirm-type\":\"correlated\",\"spring.rabbitmq.publisher-returns\":\"true\",\"spring.rabbitmq.template.mandatory\":\"true\",\"elk.rabbitmq.enable\":\"false\",\"elk.rabbitmq.host\":\"${spring.rabbitmq.host}\",\"elk.rabbitmq.port\":\"${spring.rabbitmq.port}\",\"elk.rabbitmq.username\":\"${spring.rabbitmq.username}\",\"elk.rabbitmq.password\":\"${spring.rabbitmq.password}\",\"elk.rabbitmq.application-id\":\"${spring.application.name}\",\"elk.rabbitmq.virtual-host\":\"/logback\",\"elk.rabbitmq.exchange\":\"topic.loggingExchange\",\"elk.rabbitmq.routing-key\":\"logback.#\",\"elk.rabbitmq.connection-name\":\"biz|${spring.application.name}\",\"sentry.enable\":\"true\",\"sentry.dsn\":\"http://a1c395c85d244742ae2a50b90f1535b8@localhost:9000/2\",\"sentry.stacktrace-app-packages\":\"\"}', b'0', b'0', 'apollo', '2020-05-18 17:22:26', 'apollo', '2020-05-18 17:22:26');
INSERT INTO `Release` VALUES (15, '20200518172305-6be5f871e056f9e0', '20200518172303-release', '', 'biz-spring-cloud-eureka', 'default', 'application', '{\"spring.security.user.name\":\"admin\",\"spring.security.user.password\":\"12345678\",\"eureka.client.register-with-eureka\":\"true\",\"eureka.client.fetch-registry\":\"true\",\"eureka.client.healthcheck.enabled\":\"true\",\"eureka.client.registryFetchIntervalSeconds\":\"30\",\"eureka.instance.prefer-ip-address\":\"true\",\"eureka.instance.lease-renewal-interval-in-seconds\":\"30\",\"eureka.instance.lease-expiration-duration-in-seconds\":\"90\",\"eureka.server.enable-self-preservation\":\"false\",\"eureka.server.renewal-percent-threshold\":\"0.85\",\"eureka.server.wait-time-in-ms-when-sync-empty\":\"0\",\"eureka.server.eviction-interval-timer-in-ms\":\"30000\",\"eureka.server.use-read-only-response-cache\":\"false\",\"eureka.server.response-cache-auto-expiration-in-seconds\":\"60\",\"management.endpoint.shutdown.enabled\":\"true\",\"management.endpoints.web.exposure.include\":\"*\",\"management.endpoint.health.show-details\":\"always\",\"spring.rabbitmq.host\":\"172.20.0.6\",\"spring.rabbitmq.port\":\"5672\",\"spring.rabbitmq.username\":\"waynechu\",\"spring.rabbitmq.password\":\"123456\",\"spring.rabbitmq.virtual-host\":\"/dev\",\"spring.rabbitmq.publisher-confirm-type\":\"correlated\",\"spring.rabbitmq.publisher-returns\":\"true\",\"spring.rabbitmq.template.mandatory\":\"true\",\"elk.rabbitmq.enable\":\"false\",\"elk.rabbitmq.host\":\"${spring.rabbitmq.host}\",\"elk.rabbitmq.port\":\"${spring.rabbitmq.port}\",\"elk.rabbitmq.username\":\"${spring.rabbitmq.username}\",\"elk.rabbitmq.password\":\"${spring.rabbitmq.password}\",\"elk.rabbitmq.application-id\":\"${spring.application.name}\",\"elk.rabbitmq.virtual-host\":\"/logback\",\"elk.rabbitmq.exchange\":\"topic.loggingExchange\",\"elk.rabbitmq.routing-key\":\"logback.#\",\"elk.rabbitmq.connection-name\":\"biz|${spring.application.name}\",\"sentry.enable\":\"true\",\"sentry.dsn\":\"http://a1c395c85d244742ae2a50b90f1535b8@localhost:9000/2\",\"sentry.stacktrace-app-packages\":\"\"}', b'0', b'0', 'apollo', '2020-05-18 17:23:05', 'apollo', '2020-05-18 17:23:05');
INSERT INTO `Release` VALUES (16, '20200518175756-7c44f871e056f9e1', '20200518175753-release', '', 'service-order', 'default', 'application', '{\"biz.api.starter.swagger.enable\":\"true\",\"biz.api.starter.swagger.api-title\":\"订单服务\",\"biz.api.starter.swagger.api-description\":\"订单服务相关接口\",\"biz.api.starter.swagger.api-version\":\"1.0.0\",\"biz.api.starter.swagger.scan-package\":\"com.waynechu\",\"biz.api.starter.swagger.contact-name\":\"waynechu\",\"biz.api.starter.swagger.contact-url\":\"www.waynechu.cn\",\"biz.api.starter.swagger.contact-email\":\"waynechu@waynechu.cn\",\"biz.api.starter.distributed-lock.enable\":\"true\",\"biz.api.starter.distributed-lock.prefix\":\"prd.waynechu.cn\",\"sentry.enable\":\"true\",\"sentry.dsn\":\"http://a1c395c85d244742ae2a50b90f1535b8@localhost:9000/2\",\"sentry.stacktrace-app-packages\":\"\",\"spring.datasource.dynamic.logger-enable\":\"true\",\"spring.datasource.dynamic.strategy\":\"cn.waynechu.bootstarter.dynamicdatasource.strategy.RoundRobinDynamicDataSourceStrategy\",\"spring.datasource.dynamic.druid.public-key\":\"MFwwDQYJKoZIhvcNAQEBBQADSwAwSAJBAIxH6Gne6flG+enZOeGsbg4hoiGFi1ORqvsi8EzlObP3Gz/NVQpJACcBidowsWolaYKyfv8jHUClNja3GCE2x+kCAwEAAQ\\u003d\\u003d\",\"spring.datasource.dynamic.druid.stat-view-servlet.enabled\":\"true\",\"spring.datasource.dynamic.druid.stat-view-servlet.login-username\":\"admin\",\"spring.datasource.dynamic.druid.stat-view-servlet.login-password\":\"123456\",\"spring.datasource.dynamic.druid.filters\":\"stat,wall\",\"spring.datasource.dynamic.druid.connection-properties.druid.stat.mergeSql\":\"true\",\"spring.datasource.dynamic.druid.connection-properties.druid.stat.slowSqlMillis\":\"1000\",\"spring.datasource.dynamic.druid.connection-properties.druid.stat.logSlowSql\":\"true\",\"spring.datasource.dynamic.druid.web-stat-filter.enabled\":\"true\",\"spring.datasource.dynamic.druid.aop-patterns\":\"com.waynechu.order.api.controller.*,com.waynechu.order.domain.service.*\",\"spring.datasource.dynamic.datasource.order-master.username\":\"root\",\"spring.datasource.dynamic.datasource.order-master.password\":\"LP1lXJ+2jrs+QhjLUJJRv3iALW9dgsoHAWyzVihmGW5Oooiw0Gyhi4nzeRW/JWrTxwUSgxnkt5pcbtppXjtbqA\\u003d\\u003d\",\"spring.datasource.dynamic.datasource.order-master.url\":\"jdbc:mysql://localhost:3306/order?characterEncoding\\u003dutf-8\\u0026useSSL\\u003dfalse\\u0026serverTimezone\\u003dUTC\\u0026allowPublicKeyRetrieval\\u003dtrue\",\"spring.datasource.dynamic.datasource.order-slave1.username\":\"root\",\"spring.datasource.dynamic.datasource.order-slave1.password\":\"LP1lXJ+2jrs+QhjLUJJRv3iALW9dgsoHAWyzVihmGW5Oooiw0Gyhi4nzeRW/JWrTxwUSgxnkt5pcbtppXjtbqA\\u003d\\u003d\",\"spring.datasource.dynamic.datasource.order-slave1.url\":\"jdbc:mysql://localhost:3307/order?characterEncoding\\u003dutf-8\\u0026useSSL\\u003dfalse\\u0026serverTimezone\\u003dUTC\\u0026allowPublicKeyRetrieval\\u003dtrue\",\"spring.datasource.dynamic.datasource.order-slave2.username\":\"root\",\"spring.datasource.dynamic.datasource.order-slave2.password\":\"LP1lXJ+2jrs+QhjLUJJRv3iALW9dgsoHAWyzVihmGW5Oooiw0Gyhi4nzeRW/JWrTxwUSgxnkt5pcbtppXjtbqA\\u003d\\u003d\",\"spring.datasource.dynamic.datasource.order-slave2.url\":\"jdbc:mysql://localhost:3308/order?characterEncoding\\u003dutf-8\\u0026useSSL\\u003dfalse\\u0026serverTimezone\\u003dUTC\\u0026allowPublicKeyRetrieval\\u003dtrue\",\"apollo.refresh-value\":\"2\",\"apollo.refresh-property\":\"b\"}', b'0', b'0', 'apollo', '2020-05-18 17:57:56', 'apollo', '2020-05-18 17:57:56');
INSERT INTO `Release` VALUES (17, '20200518180031-9941f871e056f9e2', '20200518180028-release', '', 'biz-spring-cloud-public', 'default', 'Archer.biz-spring-cloud-public', '{\"eureka.instance.prefer-ip-address\":\"true\",\"eureka.instance.lease-renewal-interval-in-seconds\":\"30\",\"eureka.instance.lease-expiration-duration-in-seconds\":\"90\",\"eureka.instance.metadata-map.startup\":\"${random.int}\",\"eureka.client.register-with-eureka\":\"true\",\"eureka.client.fetch-registry\":\"true\",\"eureka.client.healthcheck.enabled\":\"true\",\"eureka.client.registry-fetch-interval-seconds\":\"5\",\"feign.compression.request.enabled\":\"true\",\"feign.compression.response.enabled\":\"true\",\"feign.compression.request.mime-types\":\"text/xml,application/xml,application/json\",\"feign.compression.request.min-request-size\":\"2048\",\"feign.client.config.github-client.loggerLevel\":\"full\",\"feign.client.config.github-client.connectTimeout\":\"5000\",\"feign.client.config.github-client.readTimeout\":\"5000\",\"feign.hystrix.enabled\":\"true\",\"hystrix.command.default.execution.isolation.strategy\":\"SEMAPHORE\",\"hystrix.command.default.execution.isolation.thread.timeoutInMilliseconds\":\"30000\",\"hystrix.command.default.execution.isolation.semaphore.maxConcurrentRequests\":\"1000\",\"hystrix.command.default.fallback.isolation.semaphore.maxConcurrentRequests\":\"500\",\"hystrix.command.default.circuitBreaker.requestVolumeThreshold\":\"1000\",\"hystrix.threadpool.default.coreSize\":\"500\",\"hystrix.threadpool.default.maxQueueSize\":\"1000\",\"hystrix.threadpool.default.queueSizeRejectionThreshold\":\"1000\",\"hystrix.threadpool.default.keepAliveTimeMinutes\":\"1\",\"ribbon.ConnectTimeout\":\"5000\",\"ribbon.ReadTimeout\":\"10000\",\"ribbon.okToRetryOnAllOperations\":\"false\",\"ribbon.retryableStatusCodes\":\"404,502\",\"ribbon.okToRetryOnConnectErrors\":\"true\",\"ribbon.MaxAutoRetries\":\"1\",\"ribbon.MaxAutoRetriesNextServer\":\"1\",\"ribbon.ServerListRefreshInterval\":\"3000\",\"management.endpoint.shutdown.enabled\":\"true\",\"management.endpoints.web.exposure.include\":\"*\",\"management.endpoint.health.show-details\":\"always\",\"spring.rabbitmq.host\":\"172.20.0.6\",\"spring.rabbitmq.port\":\"5672\",\"spring.rabbitmq.username\":\"waynechu\",\"spring.rabbitmq.password\":\"123456\",\"spring.rabbitmq.virtual-host\":\"/dev\",\"spring.rabbitmq.publisher-confirm-type\":\"correlated\",\"spring.rabbitmq.publisher-returns\":\"true\",\"spring.rabbitmq.template.mandatory\":\"true\",\"elk.rabbitmq.enable\":\"false\",\"elk.rabbitmq.host\":\"${spring.rabbitmq.host}\",\"elk.rabbitmq.port\":\"${spring.rabbitmq.port}\",\"elk.rabbitmq.username\":\"${spring.rabbitmq.username}\",\"elk.rabbitmq.password\":\"${spring.rabbitmq.password}\",\"elk.rabbitmq.application-id\":\"${spring.application.name}\",\"elk.rabbitmq.virtual-host\":\"/logback\",\"elk.rabbitmq.exchange\":\"topic.loggingExchange\",\"elk.rabbitmq.routing-key\":\"logback.#\",\"elk.rabbitmq.connection-name\":\"biz|${spring.application.name}\",\"spring.redis.database\":\"0\",\"spring.redis.host\":\"172.20.0.5\",\"spring.redis.port\":\"6379\",\"spring.redis.password\":\"123456\",\"jetcache.statIntervalMinutes\":\"15\",\"jetcache.areaInCacheName\":\"false\",\"jetcache.local.default.type\":\"linkedhashmap\",\"jetcache.local.default.keyConvertor\":\"fastjson\",\"jetcache.local.default.limit\":\"100\",\"jetcache.remote.default.type\":\"redis.lettuce\",\"jetcache.remote.default.keyPrefix\":\"prd.waynechu.cn\",\"jetcache.remote.default.keyConvertor\":\"fastjson\",\"jetcache.remote.default.valueEncoder\":\"java\",\"jetcache.remote.default.valueDecoder\":\"java\",\"jetcache.remote.default.poolConfig.minIdle\":\"5\",\"jetcache.remote.default.poolConfig.maxIdle\":\"20\",\"jetcache.remote.default.poolConfig.maxTotal\":\"50\",\"jetcache.remote.default.uri\":\"redis://${spring.redis.password}@${spring.redis.host}:${spring.redis.port}\",\"mybatis-plus.mapper-locations\":\"classpath:sqlmap/**/*Mapper.xml\",\"mybatis-plus.configuration.cache-enabled\":\"false\",\"mybatis-plus.configuration.map-underscore-to-camel-case\":\"true\",\"mybatis-plus.configuration.use-generated-keys\":\"true\",\"mybatis-plus.configuration.log-impl\":\"org.apache.ibatis.logging.stdout.StdOutImpl\"}', b'0', b'0', 'apollo', '2020-05-18 18:00:31', 'apollo', '2020-05-18 18:00:31');
INSERT INTO `Release` VALUES (18, '20200518180550-7c44f871e056f9e3', '20200518180549-release', '', 'service-order', 'default', 'application', '{\"biz.api.starter.swagger.enable\":\"true\",\"biz.api.starter.swagger.api-title\":\"订单服务\",\"biz.api.starter.swagger.api-description\":\"订单服务相关接口\",\"biz.api.starter.swagger.api-version\":\"1.0.0\",\"biz.api.starter.swagger.scan-package\":\"com.waynechu\",\"biz.api.starter.swagger.contact-name\":\"waynechu\",\"biz.api.starter.swagger.contact-url\":\"www.waynechu.cn\",\"biz.api.starter.swagger.contact-email\":\"waynechu@waynechu.cn\",\"biz.api.starter.distributed-lock.enable\":\"true\",\"biz.api.starter.distributed-lock.prefix\":\"prd.waynechu.cn\",\"sentry.enable\":\"true\",\"sentry.dsn\":\"http://a1c395c85d244742ae2a50b90f1535b8@localhost:9000/2\",\"sentry.stacktrace-app-packages\":\"\",\"spring.datasource.dynamic.logger-enable\":\"true\",\"spring.datasource.dynamic.strategy\":\"cn.waynechu.bootstarter.dynamicdatasource.strategy.RoundRobinDynamicDataSourceStrategy\",\"spring.datasource.dynamic.druid.public-key\":\"MFwwDQYJKoZIhvcNAQEBBQADSwAwSAJBAIxH6Gne6flG+enZOeGsbg4hoiGFi1ORqvsi8EzlObP3Gz/NVQpJACcBidowsWolaYKyfv8jHUClNja3GCE2x+kCAwEAAQ\\u003d\\u003d\",\"spring.datasource.dynamic.druid.stat-view-servlet.enabled\":\"true\",\"spring.datasource.dynamic.druid.stat-view-servlet.login-username\":\"admin\",\"spring.datasource.dynamic.druid.stat-view-servlet.login-password\":\"123456\",\"spring.datasource.dynamic.druid.filters\":\"stat,wall\",\"spring.datasource.dynamic.druid.connection-properties.druid.stat.mergeSql\":\"true\",\"spring.datasource.dynamic.druid.connection-properties.druid.stat.slowSqlMillis\":\"1000\",\"spring.datasource.dynamic.druid.connection-properties.druid.stat.logSlowSql\":\"true\",\"spring.datasource.dynamic.druid.web-stat-filter.enabled\":\"true\",\"spring.datasource.dynamic.druid.aop-patterns\":\"com.waynechu.order.api.controller.*,com.waynechu.order.domain.service.*\",\"spring.datasource.dynamic.datasource.order-master.username\":\"root\",\"spring.datasource.dynamic.datasource.order-master.password\":\"LP1lXJ+2jrs+QhjLUJJRv3iALW9dgsoHAWyzVihmGW5Oooiw0Gyhi4nzeRW/JWrTxwUSgxnkt5pcbtppXjtbqA\\u003d\\u003d\",\"spring.datasource.dynamic.datasource.order-master.url\":\"jdbc:mysql://172.20.0.2:3306/order?characterEncoding\\u003dutf-8\\u0026useSSL\\u003dfalse\\u0026serverTimezone\\u003dUTC\\u0026allowPublicKeyRetrieval\\u003dtrue\",\"spring.datasource.dynamic.datasource.order-slave1.username\":\"root\",\"spring.datasource.dynamic.datasource.order-slave1.password\":\"LP1lXJ+2jrs+QhjLUJJRv3iALW9dgsoHAWyzVihmGW5Oooiw0Gyhi4nzeRW/JWrTxwUSgxnkt5pcbtppXjtbqA\\u003d\\u003d\",\"spring.datasource.dynamic.datasource.order-slave1.url\":\"jdbc:mysql://172.20.0.3:3306/order?characterEncoding\\u003dutf-8\\u0026useSSL\\u003dfalse\\u0026serverTimezone\\u003dUTC\\u0026allowPublicKeyRetrieval\\u003dtrue\",\"spring.datasource.dynamic.datasource.order-slave2.username\":\"root\",\"spring.datasource.dynamic.datasource.order-slave2.password\":\"LP1lXJ+2jrs+QhjLUJJRv3iALW9dgsoHAWyzVihmGW5Oooiw0Gyhi4nzeRW/JWrTxwUSgxnkt5pcbtppXjtbqA\\u003d\\u003d\",\"spring.datasource.dynamic.datasource.order-slave2.url\":\"jdbc:mysql://172.20.0.4:3306/order?characterEncoding\\u003dutf-8\\u0026useSSL\\u003dfalse\\u0026serverTimezone\\u003dUTC\\u0026allowPublicKeyRetrieval\\u003dtrue\",\"apollo.refresh-value\":\"2\",\"apollo.refresh-property\":\"b\"}', b'0', b'0', 'apollo', '2020-05-18 18:05:51', 'apollo', '2020-05-18 18:05:51');
INSERT INTO `Release` VALUES (19, '20200518192116-7c44f871e0dadc6f', '20200518192115-release', '', 'service-order', 'default', 'application', '{\"biz.api.starter.swagger.enable\":\"true\",\"biz.api.starter.swagger.api-title\":\"订单服务\",\"biz.api.starter.swagger.api-description\":\"订单服务相关接口\",\"biz.api.starter.swagger.api-version\":\"1.0.0\",\"biz.api.starter.swagger.scan-package\":\"com.waynechu\",\"biz.api.starter.swagger.contact-name\":\"waynechu\",\"biz.api.starter.swagger.contact-url\":\"www.waynechu.cn\",\"biz.api.starter.swagger.contact-email\":\"waynechu@waynechu.cn\",\"biz.api.starter.distributed-lock.enable\":\"true\",\"biz.api.starter.distributed-lock.prefix\":\"prd.waynechu.cn\",\"sentry.enable\":\"true\",\"sentry.dsn\":\"http://a1c395c85d244742ae2a50b90f1535b8@localhost:9000/2\",\"sentry.stacktrace-app-packages\":\"\",\"spring.datasource.dynamic.logger-enable\":\"true\",\"spring.datasource.dynamic.strategy\":\"cn.waynechu.bootstarter.dynamicdatasource.strategy.RoundRobinDynamicDataSourceStrategy\",\"spring.datasource.dynamic.druid.public-key\":\"MFwwDQYJKoZIhvcNAQEBBQADSwAwSAJBAIxH6Gne6flG+enZOeGsbg4hoiGFi1ORqvsi8EzlObP3Gz/NVQpJACcBidowsWolaYKyfv8jHUClNja3GCE2x+kCAwEAAQ\\u003d\\u003d\",\"spring.datasource.dynamic.druid.stat-view-servlet.enabled\":\"true\",\"spring.datasource.dynamic.druid.stat-view-servlet.login-username\":\"admin\",\"spring.datasource.dynamic.druid.stat-view-servlet.login-password\":\"123456\",\"spring.datasource.dynamic.druid.filters\":\"stat,wall\",\"spring.datasource.dynamic.druid.connection-properties.druid.stat.mergeSql\":\"true\",\"spring.datasource.dynamic.druid.connection-properties.druid.stat.slowSqlMillis\":\"1000\",\"spring.datasource.dynamic.druid.connection-properties.druid.stat.logSlowSql\":\"true\",\"spring.datasource.dynamic.druid.web-stat-filter.enabled\":\"true\",\"spring.datasource.dynamic.druid.aop-patterns\":\"com.waynechu.order.api.controller.*,com.waynechu.order.domain.service.*\",\"spring.datasource.dynamic.datasource.order-master.username\":\"root\",\"spring.datasource.dynamic.datasource.order-master.password\":\"LP1lXJ+2jrs+QhjLUJJRv3iALW9dgsoHAWyzVihmGW5Oooiw0Gyhi4nzeRW/JWrTxwUSgxnkt5pcbtppXjtbqA\\u003d\\u003d\",\"spring.datasource.dynamic.datasource.order-master.url\":\"jdbc:mysql://172.20.0.2:3306/order?characterEncoding\\u003dutf-8\\u0026useSSL\\u003dfalse\\u0026serverTimezone\\u003dUTC\\u0026allowPublicKeyRetrieval\\u003dtrue\",\"spring.datasource.dynamic.datasource.order-slave1.username\":\"root\",\"spring.datasource.dynamic.datasource.order-slave1.password\":\"LP1lXJ+2jrs+QhjLUJJRv3iALW9dgsoHAWyzVihmGW5Oooiw0Gyhi4nzeRW/JWrTxwUSgxnkt5pcbtppXjtbqA\\u003d\\u003d\",\"spring.datasource.dynamic.datasource.order-slave1.url\":\"jdbc:mysql://172.20.0.3:3306/order?characterEncoding\\u003dutf-8\\u0026useSSL\\u003dfalse\\u0026serverTimezone\\u003dUTC\\u0026allowPublicKeyRetrieval\\u003dtrue\",\"spring.datasource.dynamic.datasource.order-slave2.username\":\"root\",\"spring.datasource.dynamic.datasource.order-slave2.password\":\"LP1lXJ+2jrs+QhjLUJJRv3iALW9dgsoHAWyzVihmGW5Oooiw0Gyhi4nzeRW/JWrTxwUSgxnkt5pcbtppXjtbqA\\u003d\\u003d\",\"spring.datasource.dynamic.datasource.order-slave2.url\":\"jdbc:mysql://172.20.0.4:3306/order?characterEncoding\\u003dutf-8\\u0026useSSL\\u003dfalse\\u0026serverTimezone\\u003dUTC\\u0026allowPublicKeyRetrieval\\u003dtrue\",\"apollo.refresh-value\":\"2\",\"apollo.refresh-property\":\"c\"}', b'0', b'0', 'apollo', '2020-05-18 19:21:17', 'apollo', '2020-05-18 19:21:17');

-- ----------------------------
-- Table structure for ReleaseHistory
-- ----------------------------
DROP TABLE IF EXISTS `ReleaseHistory`;
CREATE TABLE `ReleaseHistory`  (
  `Id` int(11) UNSIGNED NOT NULL AUTO_INCREMENT COMMENT '自增Id',
  `AppId` varchar(32) CHARACTER SET utf8mb4 COLLATE utf8mb4_general_ci NOT NULL DEFAULT 'default' COMMENT 'AppID',
  `ClusterName` varchar(32) CHARACTER SET utf8mb4 COLLATE utf8mb4_general_ci NOT NULL DEFAULT 'default' COMMENT 'ClusterName',
  `NamespaceName` varchar(32) CHARACTER SET utf8mb4 COLLATE utf8mb4_general_ci NOT NULL DEFAULT 'default' COMMENT 'namespaceName',
  `BranchName` varchar(32) CHARACTER SET utf8mb4 COLLATE utf8mb4_general_ci NOT NULL DEFAULT 'default' COMMENT '发布分支名',
  `ReleaseId` int(11) UNSIGNED NOT NULL DEFAULT 0 COMMENT '关联的Release Id',
  `PreviousReleaseId` int(11) UNSIGNED NOT NULL DEFAULT 0 COMMENT '前一次发布的ReleaseId',
  `Operation` tinyint(3) UNSIGNED NOT NULL DEFAULT 0 COMMENT '发布类型，0: 普通发布，1: 回滚，2: 灰度发布，3: 灰度规则更新，4: 灰度合并回主分支发布，5: 主分支发布灰度自动发布，6: 主分支回滚灰度自动发布，7: 放弃灰度',
  `OperationContext` longtext CHARACTER SET utf8mb4 COLLATE utf8mb4_general_ci NOT NULL COMMENT '发布上下文信息',
  `IsDeleted` bit(1) NOT NULL DEFAULT b'0' COMMENT '1: deleted, 0: normal',
  `DataChange_CreatedBy` varchar(32) CHARACTER SET utf8mb4 COLLATE utf8mb4_general_ci NOT NULL DEFAULT 'default' COMMENT '创建人邮箱前缀',
  `DataChange_CreatedTime` timestamp(0) NOT NULL DEFAULT CURRENT_TIMESTAMP(0) COMMENT '创建时间',
  `DataChange_LastModifiedBy` varchar(32) CHARACTER SET utf8mb4 COLLATE utf8mb4_general_ci NULL DEFAULT '' COMMENT '最后修改人邮箱前缀',
  `DataChange_LastTime` timestamp(0) NULL DEFAULT CURRENT_TIMESTAMP(0) ON UPDATE CURRENT_TIMESTAMP(0) COMMENT '最后修改时间',
  PRIMARY KEY (`Id`) USING BTREE,
  INDEX `IX_Namespace`(`AppId`, `ClusterName`, `NamespaceName`, `BranchName`) USING BTREE,
  INDEX `IX_ReleaseId`(`ReleaseId`) USING BTREE,
  INDEX `IX_DataChange_LastTime`(`DataChange_LastTime`) USING BTREE
) ENGINE = InnoDB AUTO_INCREMENT = 20 CHARACTER SET = utf8mb4 COLLATE = utf8mb4_general_ci COMMENT = '发布历史' ROW_FORMAT = Dynamic;

-- ----------------------------
-- Records of ReleaseHistory
-- ----------------------------
INSERT INTO `ReleaseHistory` VALUES (1, 'SampleApp', 'default', 'application', 'default', 1, 0, 0, '{}', b'1', 'apollo', '2020-05-15 10:59:43', 'apollo', '2020-05-15 11:09:28');
INSERT INTO `ReleaseHistory` VALUES (2, 'biz-spring-cloud-eureka', 'default', 'application', 'default', 2, 0, 0, '{\"isEmergencyPublish\":false}', b'0', 'apollo', '2020-05-15 11:49:32', 'apollo', '2020-05-15 11:49:32');
INSERT INTO `ReleaseHistory` VALUES (3, 'biz-spring-cloud-eureka', 'default', 'application', 'default', 3, 2, 0, '{\"isEmergencyPublish\":false}', b'0', 'apollo', '2020-05-15 11:52:30', 'apollo', '2020-05-15 11:52:30');
INSERT INTO `ReleaseHistory` VALUES (4, 'biz-spring-cloud-public', 'default', 'Archer.biz-spring-cloud-public', 'default', 4, 0, 0, '{\"isEmergencyPublish\":false}', b'0', 'apollo', '2020-05-15 14:44:52', 'apollo', '2020-05-15 14:44:52');
INSERT INTO `ReleaseHistory` VALUES (5, 'service-order', 'default', 'application', 'default', 5, 0, 0, '{\"isEmergencyPublish\":false}', b'0', 'apollo', '2020-05-15 15:09:19', 'apollo', '2020-05-15 15:09:19');
INSERT INTO `ReleaseHistory` VALUES (6, 'service-order', 'default', 'application', 'default', 6, 5, 0, '{\"isEmergencyPublish\":false}', b'0', 'apollo', '2020-05-15 15:10:20', 'apollo', '2020-05-15 15:10:20');
INSERT INTO `ReleaseHistory` VALUES (7, 'service-order', 'default', 'application', 'default', 7, 6, 0, '{\"isEmergencyPublish\":false}', b'0', 'apollo', '2020-05-15 15:11:23', 'apollo', '2020-05-15 15:11:23');
INSERT INTO `ReleaseHistory` VALUES (8, 'service-order', 'default', 'application', 'default', 8, 7, 0, '{\"isEmergencyPublish\":false}', b'0', 'apollo', '2020-05-15 15:22:34', 'apollo', '2020-05-15 15:22:34');
INSERT INTO `ReleaseHistory` VALUES (9, 'service-order', 'default', 'application', 'default', 9, 8, 0, '{\"isEmergencyPublish\":false}', b'0', 'apollo', '2020-05-15 15:23:33', 'apollo', '2020-05-15 15:23:33');
INSERT INTO `ReleaseHistory` VALUES (10, 'service-order', 'default', 'application', 'default', 10, 9, 0, '{\"isEmergencyPublish\":false}', b'0', 'apollo', '2020-05-15 15:40:36', 'apollo', '2020-05-15 15:40:36');
INSERT INTO `ReleaseHistory` VALUES (11, 'service-order', 'default', 'application', 'default', 11, 10, 0, '{\"isEmergencyPublish\":false}', b'0', 'apollo', '2020-05-15 15:42:06', 'apollo', '2020-05-15 15:42:06');
INSERT INTO `ReleaseHistory` VALUES (12, 'biz-spring-cloud-eureka', 'default', 'application', 'default', 12, 3, 0, '{\"isEmergencyPublish\":false}', b'0', 'apollo', '2020-05-18 17:17:16', 'apollo', '2020-05-18 17:17:16');
INSERT INTO `ReleaseHistory` VALUES (13, 'biz-spring-cloud-eureka', 'default', 'application', 'default', 13, 12, 0, '{\"isEmergencyPublish\":false}', b'0', 'apollo', '2020-05-18 17:19:36', 'apollo', '2020-05-18 17:19:36');
INSERT INTO `ReleaseHistory` VALUES (14, 'biz-spring-cloud-eureka', 'default', 'application', 'default', 14, 13, 0, '{\"isEmergencyPublish\":false}', b'0', 'apollo', '2020-05-18 17:22:26', 'apollo', '2020-05-18 17:22:26');
INSERT INTO `ReleaseHistory` VALUES (15, 'biz-spring-cloud-eureka', 'default', 'application', 'default', 15, 14, 0, '{\"isEmergencyPublish\":false}', b'0', 'apollo', '2020-05-18 17:23:05', 'apollo', '2020-05-18 17:23:05');
INSERT INTO `ReleaseHistory` VALUES (16, 'service-order', 'default', 'application', 'default', 16, 11, 0, '{\"isEmergencyPublish\":false}', b'0', 'apollo', '2020-05-18 17:57:56', 'apollo', '2020-05-18 17:57:56');
INSERT INTO `ReleaseHistory` VALUES (17, 'biz-spring-cloud-public', 'default', 'Archer.biz-spring-cloud-public', 'default', 17, 4, 0, '{\"isEmergencyPublish\":false}', b'0', 'apollo', '2020-05-18 18:00:31', 'apollo', '2020-05-18 18:00:31');
INSERT INTO `ReleaseHistory` VALUES (18, 'service-order', 'default', 'application', 'default', 18, 16, 0, '{\"isEmergencyPublish\":false}', b'0', 'apollo', '2020-05-18 18:05:51', 'apollo', '2020-05-18 18:05:51');
INSERT INTO `ReleaseHistory` VALUES (19, 'service-order', 'default', 'application', 'default', 19, 18, 0, '{\"isEmergencyPublish\":false}', b'0', 'apollo', '2020-05-18 19:21:17', 'apollo', '2020-05-18 19:21:17');

-- ----------------------------
-- Table structure for ReleaseMessage
-- ----------------------------
DROP TABLE IF EXISTS `ReleaseMessage`;
CREATE TABLE `ReleaseMessage`  (
  `Id` int(11) UNSIGNED NOT NULL AUTO_INCREMENT COMMENT '自增主键',
  `Message` varchar(1024) CHARACTER SET utf8mb4 COLLATE utf8mb4_general_ci NOT NULL DEFAULT '' COMMENT '发布的消息内容',
  `DataChange_LastTime` timestamp(0) NOT NULL DEFAULT CURRENT_TIMESTAMP(0) ON UPDATE CURRENT_TIMESTAMP(0) COMMENT '最后修改时间',
  PRIMARY KEY (`Id`) USING BTREE,
  INDEX `DataChange_LastTime`(`DataChange_LastTime`) USING BTREE,
  INDEX `IX_Message`(`Message`(191)) USING BTREE
) ENGINE = InnoDB AUTO_INCREMENT = 20 CHARACTER SET = utf8mb4 COLLATE = utf8mb4_general_ci COMMENT = '发布消息' ROW_FORMAT = Dynamic;

-- ----------------------------
-- Records of ReleaseMessage
-- ----------------------------
INSERT INTO `ReleaseMessage` VALUES (1, 'SampleApp+default+application', '2020-05-15 11:09:29');
INSERT INTO `ReleaseMessage` VALUES (4, 'biz-spring-cloud-public+default+Archer.biz-spring-cloud-public', '2020-05-15 14:44:52');
INSERT INTO `ReleaseMessage` VALUES (15, 'biz-spring-cloud-eureka+default+application', '2020-05-18 17:23:05');
INSERT INTO `ReleaseMessage` VALUES (17, 'biz-spring-cloud-public+default+Archer.biz-spring-cloud-public', '2020-05-18 18:00:31');
INSERT INTO `ReleaseMessage` VALUES (19, 'service-order+default+application', '2020-05-18 19:21:17');

-- ----------------------------
-- Table structure for ServerConfig
-- ----------------------------
DROP TABLE IF EXISTS `ServerConfig`;
CREATE TABLE `ServerConfig`  (
  `Id` int(10) UNSIGNED NOT NULL AUTO_INCREMENT COMMENT '自增Id',
  `Key` varchar(64) CHARACTER SET utf8mb4 COLLATE utf8mb4_general_ci NOT NULL DEFAULT 'default' COMMENT '配置项Key',
  `Cluster` varchar(32) CHARACTER SET utf8mb4 COLLATE utf8mb4_general_ci NOT NULL DEFAULT 'default' COMMENT '配置对应的集群，default为不针对特定的集群',
  `Value` varchar(2048) CHARACTER SET utf8mb4 COLLATE utf8mb4_general_ci NOT NULL DEFAULT 'default' COMMENT '配置项值',
  `Comment` varchar(1024) CHARACTER SET utf8mb4 COLLATE utf8mb4_general_ci NULL DEFAULT '' COMMENT '注释',
  `IsDeleted` bit(1) NOT NULL DEFAULT b'0' COMMENT '1: deleted, 0: normal',
  `DataChange_CreatedBy` varchar(32) CHARACTER SET utf8mb4 COLLATE utf8mb4_general_ci NOT NULL DEFAULT 'default' COMMENT '创建人邮箱前缀',
  `DataChange_CreatedTime` timestamp(0) NOT NULL DEFAULT CURRENT_TIMESTAMP(0) COMMENT '创建时间',
  `DataChange_LastModifiedBy` varchar(32) CHARACTER SET utf8mb4 COLLATE utf8mb4_general_ci NULL DEFAULT '' COMMENT '最后修改人邮箱前缀',
  `DataChange_LastTime` timestamp(0) NULL DEFAULT CURRENT_TIMESTAMP(0) ON UPDATE CURRENT_TIMESTAMP(0) COMMENT '最后修改时间',
  PRIMARY KEY (`Id`) USING BTREE,
  INDEX `IX_Key`(`Key`) USING BTREE,
  INDEX `DataChange_LastTime`(`DataChange_LastTime`) USING BTREE
) ENGINE = InnoDB AUTO_INCREMENT = 6 CHARACTER SET = utf8mb4 COLLATE = utf8mb4_general_ci COMMENT = '配置服务自身配置' ROW_FORMAT = Dynamic;

-- ----------------------------
-- Records of ServerConfig
-- ----------------------------
INSERT INTO `ServerConfig` VALUES (1, 'eureka.service.url', 'default', 'http://localhost:8080/eureka/', 'Eureka服务Url，多个service以英文逗号分隔', b'0', 'default', '2020-05-15 10:59:43', '', '2020-05-15 10:59:43');
INSERT INTO `ServerConfig` VALUES (2, 'namespace.lock.switch', 'default', 'false', '一次发布只能有一个人修改开关', b'0', 'default', '2020-05-15 10:59:43', '', '2020-05-15 10:59:43');
INSERT INTO `ServerConfig` VALUES (3, 'item.value.length.limit', 'default', '20000', 'item value最大长度限制', b'0', 'default', '2020-05-15 10:59:43', '', '2020-05-15 10:59:43');
INSERT INTO `ServerConfig` VALUES (4, 'config-service.cache.enabled', 'default', 'false', 'ConfigService是否开启缓存，开启后能提高性能，但是会增大内存消耗！', b'0', 'default', '2020-05-15 10:59:43', '', '2020-05-15 10:59:43');
INSERT INTO `ServerConfig` VALUES (5, 'item.key.length.limit', 'default', '128', 'item key 最大长度限制', b'0', 'default', '2020-05-15 10:59:43', '', '2020-05-15 10:59:43');

SET FOREIGN_KEY_CHECKS = 1;
